record_id,true,pred,true_name,pred_name,correct
E00005,0,0,AFIB,AFIB,1
E00007,0,0,AFIB,AFIB,1
E00033,0,0,AFIB,AFIB,1
E00047,0,3,AFIB,SR,0
E00053,0,0,AFIB,AFIB,1
E00059,0,1,AFIB,GSVT,0
E00066,0,0,AFIB,AFIB,1
E00067,0,3,AFIB,SR,0
E00077,0,0,AFIB,AFIB,1
E00100,0,0,AFIB,AFIB,1
E00117,0,0,AFIB,AFIB,1
E00146,0,3,AFIB,SR,0
E00150,0,3,AFIB,SR,0
E00151,0,3,AFIB,SR,0
E00152,0,0,AFIB,AFIB,1
E00161,0,0,AFIB,AFIB,1
E00177,0,0,AFIB,AFIB,1
E00194,0,0,AFIB,AFIB,1
E00195,0,3,AFIB,SR,0
E00202,0,0,AFIB,AFIB,1
E00246,0,0,AFIB,AFIB,1
E00259,0,0,AFIB,AFIB,1
E00260,0,1,AFIB,GSVT,0
E00263,0,0,AFIB,AFIB,1
E00281,0,0,AFIB,AFIB,1
E00282,0,0,AFIB,AFIB,1
E00317,0,0,AFIB,AFIB,1
E00321,0,0,AFIB,AFIB,1
E00325,0,0,AFIB,AFIB,1
E00334,0,1,AFIB,GSVT,0
E00344,0,0,AFIB,AFIB,1
E00361,0,0,AFIB,AFIB,1
E00381,0,3,AFIB,SR,0
E00392,0,0,AFIB,AFIB,1
E00398,0,0,AFIB,AFIB,1
E00426,0,0,AFIB,AFIB,1
E00427,0,0,AFIB,AFIB,1
E00447,0,0,AFIB,AFIB,1
E00462,0,0,AFIB,AFIB,1
E00480,0,0,AFIB,AFIB,1
E00496,0,0,AFIB,AFIB,1
E00499,0,0,AFIB,AFIB,1
E00500,0,3,AFIB,SR,0
E00504,0,0,AFIB,AFIB,1
E00511,0,0,AFIB,AFIB,1
E00513,0,0,AFIB,AFIB,1
E00524,0,0,AFIB,AFIB,1
E00537,0,3,AFIB,SR,0
E00559,0,3,AFIB,SR,0
E00578,0,0,AFIB,AFIB,1
E00585,0,0,AFIB,AFIB,1
E00590,0,0,AFIB,AFIB,1
E00591,0,0,AFIB,AFIB,1
E00593,0,0,AFIB,AFIB,1
E00602,0,0,AFIB,AFIB,1
E00616,0,3,AFIB,SR,0
E00623,0,0,AFIB,AFIB,1
E00635,0,0,AFIB,AFIB,1
E00636,0,0,AFIB,AFIB,1
E00652,0,0,AFIB,AFIB,1
E00658,0,2,AFIB,SB,0
E00662,0,3,AFIB,SR,0
E00682,0,0,AFIB,AFIB,1
E00683,0,0,AFIB,AFIB,1
E00686,0,1,AFIB,GSVT,0
E00688,0,0,AFIB,AFIB,1
E00689,0,1,AFIB,GSVT,0
E00712,0,0,AFIB,AFIB,1
E00721,0,0,AFIB,AFIB,1
E00745,0,0,AFIB,AFIB,1
E00763,0,3,AFIB,SR,0
E00864,0,0,AFIB,AFIB,1
E00873,0,2,AFIB,SB,0
E00903,0,0,AFIB,AFIB,1
E00932,0,0,AFIB,AFIB,1
E00954,0,0,AFIB,AFIB,1
E00987,0,0,AFIB,AFIB,1
E01012,0,0,AFIB,AFIB,1
E01032,0,0,AFIB,AFIB,1
E01084,0,0,AFIB,AFIB,1
E01118,0,0,AFIB,AFIB,1
E01129,0,0,AFIB,AFIB,1
E01136,0,0,AFIB,AFIB,1
E01140,0,0,AFIB,AFIB,1
E01158,0,0,AFIB,AFIB,1
E01202,0,0,AFIB,AFIB,1
E01212,0,0,AFIB,AFIB,1
E01213,0,0,AFIB,AFIB,1
E01216,0,3,AFIB,SR,0
E01224,0,0,AFIB,AFIB,1
E01250,0,0,AFIB,AFIB,1
E01251,0,0,AFIB,AFIB,1
E01261,0,0,AFIB,AFIB,1
E01262,0,0,AFIB,AFIB,1
E01272,0,0,AFIB,AFIB,1
E01273,0,0,AFIB,AFIB,1
E01308,0,0,AFIB,AFIB,1
E01327,0,0,AFIB,AFIB,1
E01365,0,0,AFIB,AFIB,1
E01366,0,0,AFIB,AFIB,1
E01388,0,0,AFIB,AFIB,1
E01393,0,3,AFIB,SR,0
E01420,0,3,AFIB,SR,0
E01436,0,0,AFIB,AFIB,1
E01447,0,0,AFIB,AFIB,1
E01475,0,0,AFIB,AFIB,1
E01491,0,0,AFIB,AFIB,1
E01499,0,3,AFIB,SR,0
E01500,0,0,AFIB,AFIB,1
E01503,0,0,AFIB,AFIB,1
E01520,0,3,AFIB,SR,0
E01533,0,0,AFIB,AFIB,1
E01540,0,0,AFIB,AFIB,1
E01542,0,0,AFIB,AFIB,1
E01551,0,0,AFIB,AFIB,1
E01579,0,0,AFIB,AFIB,1
E01580,0,0,AFIB,AFIB,1
E01586,0,0,AFIB,AFIB,1
E01587,0,0,AFIB,AFIB,1
E01589,0,0,AFIB,AFIB,1
E01624,0,0,AFIB,AFIB,1
E01634,0,0,AFIB,AFIB,1
E01683,0,0,AFIB,AFIB,1
E01713,0,1,AFIB,GSVT,0
E01757,0,0,AFIB,AFIB,1
E01767,0,0,AFIB,AFIB,1
E01768,0,3,AFIB,SR,0
E01776,0,0,AFIB,AFIB,1
E01779,0,0,AFIB,AFIB,1
E01780,0,0,AFIB,AFIB,1
E01781,0,0,AFIB,AFIB,1
E01784,0,0,AFIB,AFIB,1
E01803,0,3,AFIB,SR,0
E01827,0,3,AFIB,SR,0
E01840,0,0,AFIB,AFIB,1
E01841,0,0,AFIB,AFIB,1
E01849,0,0,AFIB,AFIB,1
E01891,0,0,AFIB,AFIB,1
E01898,0,0,AFIB,AFIB,1
E01908,0,0,AFIB,AFIB,1
E01963,0,0,AFIB,AFIB,1
E02020,0,0,AFIB,AFIB,1
E02023,0,0,AFIB,AFIB,1
E02043,0,3,AFIB,SR,0
E02048,0,0,AFIB,AFIB,1
E02074,0,0,AFIB,AFIB,1
E02124,0,3,AFIB,SR,0
E02134,0,0,AFIB,AFIB,1
E02172,0,0,AFIB,AFIB,1
E02180,0,0,AFIB,AFIB,1
E02183,0,0,AFIB,AFIB,1
E02184,0,1,AFIB,GSVT,0
E02185,0,1,AFIB,GSVT,0
E02250,0,0,AFIB,AFIB,1
E02258,0,0,AFIB,AFIB,1
E02273,0,0,AFIB,AFIB,1
E02274,0,0,AFIB,AFIB,1
E02298,0,1,AFIB,GSVT,0
E02305,0,0,AFIB,AFIB,1
E02345,0,0,AFIB,AFIB,1
E02372,0,0,AFIB,AFIB,1
E02385,0,0,AFIB,AFIB,1
E02398,0,3,AFIB,SR,0
E02420,0,3,AFIB,SR,0
E02422,0,0,AFIB,AFIB,1
E02423,0,0,AFIB,AFIB,1
E02424,0,0,AFIB,AFIB,1
E02425,0,0,AFIB,AFIB,1
E02455,0,0,AFIB,AFIB,1
E02456,0,0,AFIB,AFIB,1
E02523,0,0,AFIB,AFIB,1
E02567,0,0,AFIB,AFIB,1
E02616,0,0,AFIB,AFIB,1
E02621,0,0,AFIB,AFIB,1
E02635,0,1,AFIB,GSVT,0
E02638,0,0,AFIB,AFIB,1
E02645,0,0,AFIB,AFIB,1
E02646,0,0,AFIB,AFIB,1
E02669,0,0,AFIB,AFIB,1
E02672,0,0,AFIB,AFIB,1
E02673,0,0,AFIB,AFIB,1
E02687,0,1,AFIB,GSVT,0
E02711,0,0,AFIB,AFIB,1
E02714,0,0,AFIB,AFIB,1
E02716,0,0,AFIB,AFIB,1
E02728,0,0,AFIB,AFIB,1
E02777,0,0,AFIB,AFIB,1
E02786,0,0,AFIB,AFIB,1
E02804,0,0,AFIB,AFIB,1
E02809,0,0,AFIB,AFIB,1
E02810,0,0,AFIB,AFIB,1
E02829,0,3,AFIB,SR,0
E02830,0,0,AFIB,AFIB,1
E02831,0,0,AFIB,AFIB,1
E02854,0,0,AFIB,AFIB,1
E02859,0,0,AFIB,AFIB,1
E02860,0,0,AFIB,AFIB,1
E02861,0,0,AFIB,AFIB,1
E02863,0,0,AFIB,AFIB,1
E02871,0,3,AFIB,SR,0
E02876,0,0,AFIB,AFIB,1
E02884,0,0,AFIB,AFIB,1
E02914,0,0,AFIB,AFIB,1
E02946,0,0,AFIB,AFIB,1
E02962,0,0,AFIB,AFIB,1
E02974,0,0,AFIB,AFIB,1
E02985,0,0,AFIB,AFIB,1
E03004,0,0,AFIB,AFIB,1
E03012,0,0,AFIB,AFIB,1
E03076,0,0,AFIB,AFIB,1
E03087,0,0,AFIB,AFIB,1
E03143,0,0,AFIB,AFIB,1
E03145,0,0,AFIB,AFIB,1
E03159,0,0,AFIB,AFIB,1
E03171,0,3,AFIB,SR,0
E03188,0,0,AFIB,AFIB,1
E03206,0,0,AFIB,AFIB,1
E03209,0,0,AFIB,AFIB,1
E03210,0,0,AFIB,AFIB,1
E03225,0,0,AFIB,AFIB,1
E03257,0,0,AFIB,AFIB,1
E03312,0,0,AFIB,AFIB,1
E03328,0,0,AFIB,AFIB,1
E03340,0,0,AFIB,AFIB,1
E03347,0,0,AFIB,AFIB,1
E03356,0,0,AFIB,AFIB,1
E03369,0,1,AFIB,GSVT,0
E03412,0,0,AFIB,AFIB,1
E03423,0,0,AFIB,AFIB,1
E03440,0,0,AFIB,AFIB,1
E03449,0,1,AFIB,GSVT,0
E03454,0,0,AFIB,AFIB,1
E03461,0,0,AFIB,AFIB,1
E03462,0,0,AFIB,AFIB,1
E03473,0,0,AFIB,AFIB,1
E03505,0,0,AFIB,AFIB,1
E03522,0,0,AFIB,AFIB,1
E03523,0,0,AFIB,AFIB,1
E03532,0,3,AFIB,SR,0
E03548,0,0,AFIB,AFIB,1
E03549,0,0,AFIB,AFIB,1
E03562,0,0,AFIB,AFIB,1
E03572,0,3,AFIB,SR,0
E03574,0,0,AFIB,AFIB,1
E03575,0,0,AFIB,AFIB,1
E03576,0,0,AFIB,AFIB,1
E03605,0,0,AFIB,AFIB,1
E03615,0,3,AFIB,SR,0
E03626,0,0,AFIB,AFIB,1
E03627,0,0,AFIB,AFIB,1
E03640,0,0,AFIB,AFIB,1
E03658,0,0,AFIB,AFIB,1
E03670,0,0,AFIB,AFIB,1
E03688,0,0,AFIB,AFIB,1
E03705,0,0,AFIB,AFIB,1
E03763,0,0,AFIB,AFIB,1
E03790,0,0,AFIB,AFIB,1
E03803,0,0,AFIB,AFIB,1
E03810,0,0,AFIB,AFIB,1
E03833,0,0,AFIB,AFIB,1
E03845,0,0,AFIB,AFIB,1
E03855,0,0,AFIB,AFIB,1
E03856,0,0,AFIB,AFIB,1
E03864,0,0,AFIB,AFIB,1
E03890,0,0,AFIB,AFIB,1
E03913,0,0,AFIB,AFIB,1
E03942,0,0,AFIB,AFIB,1
E03944,0,0,AFIB,AFIB,1
E04020,0,0,AFIB,AFIB,1
E04035,0,0,AFIB,AFIB,1
E04081,0,0,AFIB,AFIB,1
E04085,0,0,AFIB,AFIB,1
E04086,0,1,AFIB,GSVT,0
E04106,0,0,AFIB,AFIB,1
E04113,0,0,AFIB,AFIB,1
E04120,0,0,AFIB,AFIB,1
E04149,0,0,AFIB,AFIB,1
E04156,0,0,AFIB,AFIB,1
E04159,0,0,AFIB,AFIB,1
E04172,0,3,AFIB,SR,0
E04180,0,0,AFIB,AFIB,1
E04181,0,0,AFIB,AFIB,1
E04190,0,0,AFIB,AFIB,1
E04196,0,0,AFIB,AFIB,1
E04198,0,1,AFIB,GSVT,0
E04203,0,0,AFIB,AFIB,1
E04215,0,0,AFIB,AFIB,1
E04223,0,0,AFIB,AFIB,1
E04233,0,0,AFIB,AFIB,1
E04237,0,0,AFIB,AFIB,1
E04284,0,0,AFIB,AFIB,1
E04288,0,0,AFIB,AFIB,1
E04300,0,3,AFIB,SR,0
E04350,0,0,AFIB,AFIB,1
E04418,0,0,AFIB,AFIB,1
E04425,0,0,AFIB,AFIB,1
E04427,0,0,AFIB,AFIB,1
E04436,0,0,AFIB,AFIB,1
E04437,0,0,AFIB,AFIB,1
E04438,0,3,AFIB,SR,0
E04444,0,0,AFIB,AFIB,1
E04480,0,0,AFIB,AFIB,1
E04481,0,0,AFIB,AFIB,1
E04507,0,0,AFIB,AFIB,1
E04514,0,0,AFIB,AFIB,1
E04518,0,0,AFIB,AFIB,1
E04526,0,0,AFIB,AFIB,1
E04538,0,0,AFIB,AFIB,1
E04543,0,1,AFIB,GSVT,0
E04556,0,0,AFIB,AFIB,1
E04567,0,0,AFIB,AFIB,1
E04578,0,3,AFIB,SR,0
E04586,0,0,AFIB,AFIB,1
E04618,0,0,AFIB,AFIB,1
E04624,0,2,AFIB,SB,0
E04628,0,0,AFIB,AFIB,1
E04630,0,0,AFIB,AFIB,1
E04665,0,0,AFIB,AFIB,1
E04695,0,0,AFIB,AFIB,1
E04720,0,0,AFIB,AFIB,1
E04728,0,0,AFIB,AFIB,1
E04749,0,0,AFIB,AFIB,1
E04788,0,0,AFIB,AFIB,1
E04791,0,0,AFIB,AFIB,1
E04799,0,0,AFIB,AFIB,1
E04803,0,3,AFIB,SR,0
E04823,0,0,AFIB,AFIB,1
E04854,0,0,AFIB,AFIB,1
E04863,0,0,AFIB,AFIB,1
E04873,0,0,AFIB,AFIB,1
E04878,0,1,AFIB,GSVT,0
E04882,0,3,AFIB,SR,0
E04885,0,0,AFIB,AFIB,1
E04889,0,0,AFIB,AFIB,1
E04921,0,0,AFIB,AFIB,1
E04942,0,0,AFIB,AFIB,1
E04986,0,0,AFIB,AFIB,1
E05008,0,0,AFIB,AFIB,1
E05009,0,0,AFIB,AFIB,1
E05030,0,0,AFIB,AFIB,1
E05034,0,0,AFIB,AFIB,1
E05061,0,0,AFIB,AFIB,1
E05077,0,0,AFIB,AFIB,1
E05078,0,0,AFIB,AFIB,1
E05086,0,0,AFIB,AFIB,1
E05089,0,0,AFIB,AFIB,1
E05102,0,0,AFIB,AFIB,1
E05104,0,3,AFIB,SR,0
E05134,0,3,AFIB,SR,0
E05155,0,3,AFIB,SR,0
E05169,0,0,AFIB,AFIB,1
E05170,0,0,AFIB,AFIB,1
E05210,0,0,AFIB,AFIB,1
E05212,0,3,AFIB,SR,0
E05254,0,3,AFIB,SR,0
E05284,0,0,AFIB,AFIB,1
E05289,0,2,AFIB,SB,0
E05294,0,0,AFIB,AFIB,1
E05305,0,0,AFIB,AFIB,1
E05306,0,0,AFIB,AFIB,1
E05312,0,3,AFIB,SR,0
E05327,0,0,AFIB,AFIB,1
E05330,0,3,AFIB,SR,0
E05331,0,0,AFIB,AFIB,1
E05349,0,0,AFIB,AFIB,1
E05352,0,3,AFIB,SR,0
E05381,0,0,AFIB,AFIB,1
E05382,0,0,AFIB,AFIB,1
E05383,0,0,AFIB,AFIB,1
E05431,0,0,AFIB,AFIB,1
E05432,0,0,AFIB,AFIB,1
E05492,0,3,AFIB,SR,0
E05517,0,0,AFIB,AFIB,1
E05537,0,3,AFIB,SR,0
E05558,0,0,AFIB,AFIB,1
E05580,0,0,AFIB,AFIB,1
E05630,0,0,AFIB,AFIB,1
E05658,0,0,AFIB,AFIB,1
E05695,0,0,AFIB,AFIB,1
E05723,0,0,AFIB,AFIB,1
E05729,0,0,AFIB,AFIB,1
E05743,0,1,AFIB,GSVT,0
E05749,0,0,AFIB,AFIB,1
E05766,0,0,AFIB,AFIB,1
E05777,0,0,AFIB,AFIB,1
E05782,0,0,AFIB,AFIB,1
E05783,0,0,AFIB,AFIB,1
E05784,0,0,AFIB,AFIB,1
E05785,0,0,AFIB,AFIB,1
E05786,0,0,AFIB,AFIB,1
E05787,0,0,AFIB,AFIB,1
E05816,0,0,AFIB,AFIB,1
E05823,0,0,AFIB,AFIB,1
E05835,0,0,AFIB,AFIB,1
E05862,0,0,AFIB,AFIB,1
E05872,0,0,AFIB,AFIB,1
E05889,0,0,AFIB,AFIB,1
E05905,0,0,AFIB,AFIB,1
E05906,0,0,AFIB,AFIB,1
E05909,0,0,AFIB,AFIB,1
E05929,0,0,AFIB,AFIB,1
E05942,0,0,AFIB,AFIB,1
E05957,0,0,AFIB,AFIB,1
E05963,0,0,AFIB,AFIB,1
E05978,0,0,AFIB,AFIB,1
E05983,0,0,AFIB,AFIB,1
E06019,0,0,AFIB,AFIB,1
E06027,0,0,AFIB,AFIB,1
E06032,0,0,AFIB,AFIB,1
E06051,0,0,AFIB,AFIB,1
E06055,0,0,AFIB,AFIB,1
E06060,0,0,AFIB,AFIB,1
E06076,0,0,AFIB,AFIB,1
E06079,0,0,AFIB,AFIB,1
E06081,0,0,AFIB,AFIB,1
E06090,0,0,AFIB,AFIB,1
E06145,0,0,AFIB,AFIB,1
E06176,0,0,AFIB,AFIB,1
E06184,0,0,AFIB,AFIB,1
E06185,0,0,AFIB,AFIB,1
E06193,0,0,AFIB,AFIB,1
E06216,0,0,AFIB,AFIB,1
E06232,0,0,AFIB,AFIB,1
E06236,0,1,AFIB,GSVT,0
E06245,0,0,AFIB,AFIB,1
E06270,0,0,AFIB,AFIB,1
E06282,0,0,AFIB,AFIB,1
E06285,0,0,AFIB,AFIB,1
E06290,0,0,AFIB,AFIB,1
E06295,0,0,AFIB,AFIB,1
E06301,0,0,AFIB,AFIB,1
E06313,0,0,AFIB,AFIB,1
E06324,0,1,AFIB,GSVT,0
E06341,0,0,AFIB,AFIB,1
E06351,0,0,AFIB,AFIB,1
E06358,0,0,AFIB,AFIB,1
E06405,0,3,AFIB,SR,0
E06410,0,0,AFIB,AFIB,1
E06411,0,0,AFIB,AFIB,1
E06418,0,0,AFIB,AFIB,1
E06423,0,0,AFIB,AFIB,1
E06548,0,0,AFIB,AFIB,1
E06558,0,0,AFIB,AFIB,1
E06561,0,0,AFIB,AFIB,1
E06564,0,0,AFIB,AFIB,1
E06591,0,0,AFIB,AFIB,1
E06598,0,0,AFIB,AFIB,1
E06633,0,0,AFIB,AFIB,1
E06650,0,0,AFIB,AFIB,1
E06651,0,0,AFIB,AFIB,1
E06682,0,0,AFIB,AFIB,1
E06685,0,0,AFIB,AFIB,1
E06686,0,0,AFIB,AFIB,1
E06691,0,3,AFIB,SR,0
E06692,0,1,AFIB,GSVT,0
E06739,0,1,AFIB,GSVT,0
E06748,0,0,AFIB,AFIB,1
E06757,0,0,AFIB,AFIB,1
E06759,0,0,AFIB,AFIB,1
E06762,0,0,AFIB,AFIB,1
E06763,0,0,AFIB,AFIB,1
E06812,0,3,AFIB,SR,0
E06818,0,0,AFIB,AFIB,1
E06820,0,3,AFIB,SR,0
E06824,0,0,AFIB,AFIB,1
E06894,0,0,AFIB,AFIB,1
E06939,0,3,AFIB,SR,0
E06942,0,0,AFIB,AFIB,1
E06945,0,0,AFIB,AFIB,1
E06946,0,3,AFIB,SR,0
E06954,0,3,AFIB,SR,0
E06955,0,0,AFIB,AFIB,1
E06962,0,3,AFIB,SR,0
E06980,0,0,AFIB,AFIB,1
E06982,0,0,AFIB,AFIB,1
E06984,0,0,AFIB,AFIB,1
E06985,0,0,AFIB,AFIB,1
E06986,0,0,AFIB,AFIB,1
E06987,0,0,AFIB,AFIB,1
E06989,0,0,AFIB,AFIB,1
E06990,0,0,AFIB,AFIB,1
E06991,0,0,AFIB,AFIB,1
E06994,0,0,AFIB,AFIB,1
E06995,0,0,AFIB,AFIB,1
E07005,0,0,AFIB,AFIB,1
E07008,0,1,AFIB,GSVT,0
E07009,0,0,AFIB,AFIB,1
E07018,0,0,AFIB,AFIB,1
E07044,0,0,AFIB,AFIB,1
E07084,0,0,AFIB,AFIB,1
E07094,0,0,AFIB,AFIB,1
E07101,0,0,AFIB,AFIB,1
E07110,0,0,AFIB,AFIB,1
E07119,0,3,AFIB,SR,0
E07137,0,0,AFIB,AFIB,1
E07155,0,0,AFIB,AFIB,1
E07173,0,0,AFIB,AFIB,1
E07184,0,0,AFIB,AFIB,1
E07193,0,0,AFIB,AFIB,1
E07198,0,0,AFIB,AFIB,1
E07200,0,0,AFIB,AFIB,1
E07204,0,0,AFIB,AFIB,1
E07216,0,0,AFIB,AFIB,1
E07231,0,3,AFIB,SR,0
E07239,0,2,AFIB,SB,0
E07241,0,0,AFIB,AFIB,1
E07275,0,1,AFIB,GSVT,0
E07303,0,0,AFIB,AFIB,1
E07313,0,0,AFIB,AFIB,1
E07315,0,0,AFIB,AFIB,1
E07344,0,0,AFIB,AFIB,1
E07367,0,0,AFIB,AFIB,1
E07376,0,0,AFIB,AFIB,1
E07394,0,1,AFIB,GSVT,0
E07395,0,1,AFIB,GSVT,0
E07409,0,0,AFIB,AFIB,1
E07423,0,0,AFIB,AFIB,1
E07488,0,0,AFIB,AFIB,1
E07490,0,0,AFIB,AFIB,1
E07521,0,0,AFIB,AFIB,1
E07567,0,0,AFIB,AFIB,1
E07595,0,0,AFIB,AFIB,1
E07597,0,3,AFIB,SR,0
E07641,0,0,AFIB,AFIB,1
E07651,0,0,AFIB,AFIB,1
E07671,0,0,AFIB,AFIB,1
E07684,0,2,AFIB,SB,0
E07698,0,0,AFIB,AFIB,1
E07699,0,0,AFIB,AFIB,1
E07723,0,0,AFIB,AFIB,1
E07739,0,0,AFIB,AFIB,1
E07745,0,0,AFIB,AFIB,1
E07818,0,0,AFIB,AFIB,1
E07826,0,0,AFIB,AFIB,1
E07847,0,0,AFIB,AFIB,1
E07853,0,0,AFIB,AFIB,1
E07856,0,0,AFIB,AFIB,1
E07873,0,1,AFIB,GSVT,0
E07893,0,0,AFIB,AFIB,1
E07896,0,1,AFIB,GSVT,0
E07903,0,0,AFIB,AFIB,1
E07911,0,0,AFIB,AFIB,1
E07958,0,0,AFIB,AFIB,1
E07967,0,0,AFIB,AFIB,1
E07968,0,0,AFIB,AFIB,1
E07969,0,0,AFIB,AFIB,1
E07971,0,0,AFIB,AFIB,1
E07982,0,0,AFIB,AFIB,1
E07984,0,1,AFIB,GSVT,0
E08011,0,1,AFIB,GSVT,0
E08012,0,1,AFIB,GSVT,0
E08027,0,0,AFIB,AFIB,1
E08034,0,0,AFIB,AFIB,1
E08043,0,0,AFIB,AFIB,1
E08121,0,0,AFIB,AFIB,1
E08131,0,0,AFIB,AFIB,1
E08148,0,0,AFIB,AFIB,1
E08166,0,3,AFIB,SR,0
E08171,0,0,AFIB,AFIB,1
E08173,0,0,AFIB,AFIB,1
E08181,0,0,AFIB,AFIB,1
E08182,0,0,AFIB,AFIB,1
E08195,0,0,AFIB,AFIB,1
E08212,0,0,AFIB,AFIB,1
E08219,0,0,AFIB,AFIB,1
E08248,0,3,AFIB,SR,0
E08263,0,0,AFIB,AFIB,1
E08305,0,0,AFIB,AFIB,1
E08367,0,0,AFIB,AFIB,1
E08375,0,0,AFIB,AFIB,1
E08416,0,0,AFIB,AFIB,1
E08428,0,0,AFIB,AFIB,1
E08436,0,0,AFIB,AFIB,1
E08469,0,0,AFIB,AFIB,1
E08488,0,0,AFIB,AFIB,1
E08500,0,0,AFIB,AFIB,1
E08501,0,2,AFIB,SB,0
E08508,0,3,AFIB,SR,0
E08513,0,0,AFIB,AFIB,1
E08514,0,0,AFIB,AFIB,1
E08523,0,0,AFIB,AFIB,1
E08524,0,0,AFIB,AFIB,1
E08560,0,0,AFIB,AFIB,1
E08597,0,0,AFIB,AFIB,1
E08611,0,0,AFIB,AFIB,1
E08656,0,0,AFIB,AFIB,1
E08665,0,0,AFIB,AFIB,1
E08673,0,0,AFIB,AFIB,1
E08719,0,0,AFIB,AFIB,1
E08721,0,0,AFIB,AFIB,1
E08747,0,1,AFIB,GSVT,0
E08786,0,0,AFIB,AFIB,1
E08789,0,1,AFIB,GSVT,0
E08831,0,0,AFIB,AFIB,1
E08935,0,0,AFIB,AFIB,1
E08945,0,0,AFIB,AFIB,1
E08946,0,0,AFIB,AFIB,1
E08968,0,0,AFIB,AFIB,1
E08980,0,0,AFIB,AFIB,1
E08989,0,0,AFIB,AFIB,1
E08990,0,0,AFIB,AFIB,1
E09001,0,0,AFIB,AFIB,1
E09008,0,0,AFIB,AFIB,1
E09015,0,0,AFIB,AFIB,1
E09055,0,0,AFIB,AFIB,1
E09077,0,0,AFIB,AFIB,1
E09078,0,0,AFIB,AFIB,1
E09097,0,0,AFIB,AFIB,1
E09099,0,0,AFIB,AFIB,1
E09115,0,3,AFIB,SR,0
E09132,0,0,AFIB,AFIB,1
E09137,0,0,AFIB,AFIB,1
E09173,0,3,AFIB,SR,0
E09179,0,0,AFIB,AFIB,1
E09222,0,3,AFIB,SR,0
E09223,0,3,AFIB,SR,0
E09244,0,3,AFIB,SR,0
E09264,0,3,AFIB,SR,0
E09303,0,0,AFIB,AFIB,1
E09337,0,0,AFIB,AFIB,1
E09338,0,0,AFIB,AFIB,1
E09339,0,0,AFIB,AFIB,1
E09343,0,0,AFIB,AFIB,1
E09385,0,0,AFIB,AFIB,1
E09395,0,0,AFIB,AFIB,1
E09399,0,0,AFIB,AFIB,1
E09405,0,0,AFIB,AFIB,1
E09421,0,0,AFIB,AFIB,1
E09437,0,0,AFIB,AFIB,1
E09476,0,0,AFIB,AFIB,1
E09478,0,3,AFIB,SR,0
E09480,0,0,AFIB,AFIB,1
E09491,0,0,AFIB,AFIB,1
E09509,0,0,AFIB,AFIB,1
E09532,0,0,AFIB,AFIB,1
E09540,0,0,AFIB,AFIB,1
E09564,0,1,AFIB,GSVT,0
E09568,0,0,AFIB,AFIB,1
E09571,0,0,AFIB,AFIB,1
E09576,0,0,AFIB,AFIB,1
E09605,0,0,AFIB,AFIB,1
E09643,0,3,AFIB,SR,0
E09646,0,2,AFIB,SB,0
E09650,0,0,AFIB,AFIB,1
E09657,0,0,AFIB,AFIB,1
E09661,0,0,AFIB,AFIB,1
E09674,0,0,AFIB,AFIB,1
E09695,0,3,AFIB,SR,0
E09713,0,3,AFIB,SR,0
E09714,0,0,AFIB,AFIB,1
E09715,0,0,AFIB,AFIB,1
E09760,0,0,AFIB,AFIB,1
E09761,0,0,AFIB,AFIB,1
E09767,0,0,AFIB,AFIB,1
E09790,0,3,AFIB,SR,0
E09794,0,3,AFIB,SR,0
E09825,0,0,AFIB,AFIB,1
E09827,0,2,AFIB,SB,0
E09836,0,0,AFIB,AFIB,1
E09837,0,0,AFIB,AFIB,1
E09838,0,0,AFIB,AFIB,1
E09860,0,3,AFIB,SR,0
E09884,0,0,AFIB,AFIB,1
E09886,0,0,AFIB,AFIB,1
E09887,0,0,AFIB,AFIB,1
E09902,0,3,AFIB,SR,0
E09905,0,0,AFIB,AFIB,1
E09943,0,2,AFIB,SB,0
E09960,0,0,AFIB,AFIB,1
E09986,0,0,AFIB,AFIB,1
E10007,0,0,AFIB,AFIB,1
E10104,0,0,AFIB,AFIB,1
E10113,0,2,AFIB,SB,0
E10126,0,1,AFIB,GSVT,0
E10145,0,0,AFIB,AFIB,1
E10187,0,0,AFIB,AFIB,1
E10199,0,0,AFIB,AFIB,1
E10200,0,0,AFIB,AFIB,1
E10220,0,0,AFIB,AFIB,1
E10227,0,0,AFIB,AFIB,1
E10233,0,0,AFIB,AFIB,1
E10251,0,0,AFIB,AFIB,1
E10257,0,0,AFIB,AFIB,1
E10269,0,0,AFIB,AFIB,1
E10278,0,0,AFIB,AFIB,1
E10298,0,0,AFIB,AFIB,1
E10301,0,0,AFIB,AFIB,1
E10309,0,0,AFIB,AFIB,1
E10314,0,0,AFIB,AFIB,1
E10324,0,3,AFIB,SR,0
E10329,0,0,AFIB,AFIB,1
E10330,0,0,AFIB,AFIB,1
E00008,1,1,GSVT,GSVT,1
E00009,1,1,GSVT,GSVT,1
E00011,1,1,GSVT,GSVT,1
E00038,1,1,GSVT,GSVT,1
E00041,1,1,GSVT,GSVT,1
E00044,1,1,GSVT,GSVT,1
E00045,1,1,GSVT,GSVT,1
E00052,1,1,GSVT,GSVT,1
E00065,1,1,GSVT,GSVT,1
E00070,1,1,GSVT,GSVT,1
E00072,1,1,GSVT,GSVT,1
E00073,1,1,GSVT,GSVT,1
E00080,1,1,GSVT,GSVT,1
E00101,1,1,GSVT,GSVT,1
E00102,1,1,GSVT,GSVT,1
E00104,1,1,GSVT,GSVT,1
E00106,1,1,GSVT,GSVT,1
E00110,1,1,GSVT,GSVT,1
E00113,1,1,GSVT,GSVT,1
E00119,1,1,GSVT,GSVT,1
E00132,1,1,GSVT,GSVT,1
E00134,1,1,GSVT,GSVT,1
E00135,1,1,GSVT,GSVT,1
E00137,1,1,GSVT,GSVT,1
E00147,1,1,GSVT,GSVT,1
E00148,1,1,GSVT,GSVT,1
E00170,1,1,GSVT,GSVT,1
E00179,1,1,GSVT,GSVT,1
E00182,1,1,GSVT,GSVT,1
E00189,1,1,GSVT,GSVT,1
E00200,1,1,GSVT,GSVT,1
E00201,1,1,GSVT,GSVT,1
E00203,1,1,GSVT,GSVT,1
E00208,1,1,GSVT,GSVT,1
E00209,1,1,GSVT,GSVT,1
E00216,1,1,GSVT,GSVT,1
E00228,1,1,GSVT,GSVT,1
E00229,1,1,GSVT,GSVT,1
E00230,1,1,GSVT,GSVT,1
E00231,1,1,GSVT,GSVT,1
E00238,1,1,GSVT,GSVT,1
E00242,1,1,GSVT,GSVT,1
E00247,1,0,GSVT,AFIB,0
E00252,1,1,GSVT,GSVT,1
E00255,1,1,GSVT,GSVT,1
E00265,1,1,GSVT,GSVT,1
E00268,1,1,GSVT,GSVT,1
E00270,1,1,GSVT,GSVT,1
E00279,1,1,GSVT,GSVT,1
E00285,1,1,GSVT,GSVT,1
E00302,1,1,GSVT,GSVT,1
E00303,1,1,GSVT,GSVT,1
E00305,1,1,GSVT,GSVT,1
E00306,1,1,GSVT,GSVT,1
E00307,1,1,GSVT,GSVT,1
E00309,1,1,GSVT,GSVT,1
E00312,1,1,GSVT,GSVT,1
E00327,1,1,GSVT,GSVT,1
E00330,1,0,GSVT,AFIB,0
E00332,1,1,GSVT,GSVT,1
E00342,1,1,GSVT,GSVT,1
E00346,1,1,GSVT,GSVT,1
E00350,1,1,GSVT,GSVT,1
E00360,1,1,GSVT,GSVT,1
E00362,1,0,GSVT,AFIB,0
E00371,1,1,GSVT,GSVT,1
E00394,1,1,GSVT,GSVT,1
E00400,1,1,GSVT,GSVT,1
E00417,1,1,GSVT,GSVT,1
E00432,1,1,GSVT,GSVT,1
E00446,1,1,GSVT,GSVT,1
E00451,1,1,GSVT,GSVT,1
E00478,1,1,GSVT,GSVT,1
E00479,1,1,GSVT,GSVT,1
E00486,1,1,GSVT,GSVT,1
E00487,1,1,GSVT,GSVT,1
E00489,1,1,GSVT,GSVT,1
E00490,1,1,GSVT,GSVT,1
E00493,1,1,GSVT,GSVT,1
E00495,1,1,GSVT,GSVT,1
E00507,1,1,GSVT,GSVT,1
E00510,1,1,GSVT,GSVT,1
E00515,1,1,GSVT,GSVT,1
E00516,1,1,GSVT,GSVT,1
E00523,1,1,GSVT,GSVT,1
E00549,1,1,GSVT,GSVT,1
E00560,1,0,GSVT,AFIB,0
E00576,1,1,GSVT,GSVT,1
E00577,1,1,GSVT,GSVT,1
E00621,1,1,GSVT,GSVT,1
E00632,1,1,GSVT,GSVT,1
E00642,1,1,GSVT,GSVT,1
E00654,1,2,GSVT,SB,0
E00656,1,3,GSVT,SR,0
E00663,1,1,GSVT,GSVT,1
E00667,1,1,GSVT,GSVT,1
E00670,1,1,GSVT,GSVT,1
E00675,1,1,GSVT,GSVT,1
E00702,1,1,GSVT,GSVT,1
E00703,1,1,GSVT,GSVT,1
E00704,1,1,GSVT,GSVT,1
E00705,1,1,GSVT,GSVT,1
E00706,1,1,GSVT,GSVT,1
E00710,1,1,GSVT,GSVT,1
E00713,1,1,GSVT,GSVT,1
E00714,1,1,GSVT,GSVT,1
E00715,1,1,GSVT,GSVT,1
E00716,1,1,GSVT,GSVT,1
E00717,1,1,GSVT,GSVT,1
E00732,1,1,GSVT,GSVT,1
E00744,1,1,GSVT,GSVT,1
E00748,1,1,GSVT,GSVT,1
E00776,1,1,GSVT,GSVT,1
E00778,1,1,GSVT,GSVT,1
E00784,1,1,GSVT,GSVT,1
E00787,1,1,GSVT,GSVT,1
E00791,1,1,GSVT,GSVT,1
E00792,1,1,GSVT,GSVT,1
E00809,1,1,GSVT,GSVT,1
E00812,1,1,GSVT,GSVT,1
E00818,1,1,GSVT,GSVT,1
E00849,1,1,GSVT,GSVT,1
E00941,1,0,GSVT,AFIB,0
E00951,1,0,GSVT,AFIB,0
E00959,1,1,GSVT,GSVT,1
E00965,1,1,GSVT,GSVT,1
E00974,1,1,GSVT,GSVT,1
E01013,1,1,GSVT,GSVT,1
E01026,1,1,GSVT,GSVT,1
E01074,1,1,GSVT,GSVT,1
E01086,1,1,GSVT,GSVT,1
E01104,1,1,GSVT,GSVT,1
E01108,1,1,GSVT,GSVT,1
E01110,1,1,GSVT,GSVT,1
E01130,1,1,GSVT,GSVT,1
E01132,1,1,GSVT,GSVT,1
E01133,1,1,GSVT,GSVT,1
E01134,1,1,GSVT,GSVT,1
E01138,1,0,GSVT,AFIB,0
E01143,1,2,GSVT,SB,0
E01152,1,1,GSVT,GSVT,1
E01159,1,1,GSVT,GSVT,1
E01160,1,1,GSVT,GSVT,1
E01163,1,1,GSVT,GSVT,1
E01165,1,1,GSVT,GSVT,1
E01173,1,1,GSVT,GSVT,1
E01176,1,1,GSVT,GSVT,1
E01177,1,1,GSVT,GSVT,1
E01178,1,1,GSVT,GSVT,1
E01179,1,1,GSVT,GSVT,1
E01182,1,1,GSVT,GSVT,1
E01183,1,1,GSVT,GSVT,1
E01204,1,0,GSVT,AFIB,0
E01206,1,1,GSVT,GSVT,1
E01215,1,1,GSVT,GSVT,1
E01218,1,1,GSVT,GSVT,1
E01223,1,1,GSVT,GSVT,1
E01236,1,1,GSVT,GSVT,1
E01249,1,1,GSVT,GSVT,1
E01257,1,1,GSVT,GSVT,1
E01268,1,1,GSVT,GSVT,1
E01269,1,1,GSVT,GSVT,1
E01270,1,1,GSVT,GSVT,1
E01274,1,1,GSVT,GSVT,1
E01282,1,1,GSVT,GSVT,1
E01285,1,0,GSVT,AFIB,0
E01286,1,1,GSVT,GSVT,1
E01287,1,1,GSVT,GSVT,1
E01289,1,1,GSVT,GSVT,1
E01290,1,1,GSVT,GSVT,1
E01291,1,1,GSVT,GSVT,1
E01303,1,1,GSVT,GSVT,1
E01310,1,1,GSVT,GSVT,1
E01312,1,1,GSVT,GSVT,1
E01313,1,1,GSVT,GSVT,1
E01319,1,1,GSVT,GSVT,1
E01324,1,1,GSVT,GSVT,1
E01329,1,1,GSVT,GSVT,1
E01333,1,1,GSVT,GSVT,1
E01340,1,1,GSVT,GSVT,1
E01341,1,1,GSVT,GSVT,1
E01352,1,1,GSVT,GSVT,1
E01353,1,1,GSVT,GSVT,1
E01358,1,1,GSVT,GSVT,1
E01359,1,1,GSVT,GSVT,1
E01361,1,1,GSVT,GSVT,1
E01368,1,1,GSVT,GSVT,1
E01369,1,1,GSVT,GSVT,1
E01370,1,1,GSVT,GSVT,1
E01374,1,1,GSVT,GSVT,1
E01377,1,1,GSVT,GSVT,1
E01378,1,1,GSVT,GSVT,1
E01384,1,1,GSVT,GSVT,1
E01387,1,1,GSVT,GSVT,1
E01402,1,1,GSVT,GSVT,1
E01417,1,1,GSVT,GSVT,1
E01418,1,1,GSVT,GSVT,1
E01419,1,1,GSVT,GSVT,1
E01423,1,1,GSVT,GSVT,1
E01424,1,1,GSVT,GSVT,1
E01432,1,1,GSVT,GSVT,1
E01438,1,1,GSVT,GSVT,1
E01442,1,1,GSVT,GSVT,1
E01451,1,1,GSVT,GSVT,1
E01462,1,1,GSVT,GSVT,1
E01464,1,1,GSVT,GSVT,1
E01465,1,1,GSVT,GSVT,1
E01467,1,1,GSVT,GSVT,1
E01473,1,1,GSVT,GSVT,1
E01493,1,1,GSVT,GSVT,1
E01494,1,1,GSVT,GSVT,1
E01497,1,1,GSVT,GSVT,1
E01498,1,1,GSVT,GSVT,1
E01501,1,1,GSVT,GSVT,1
E01507,1,1,GSVT,GSVT,1
E01508,1,1,GSVT,GSVT,1
E01510,1,1,GSVT,GSVT,1
E01513,1,1,GSVT,GSVT,1
E01514,1,1,GSVT,GSVT,1
E01515,1,1,GSVT,GSVT,1
E01522,1,1,GSVT,GSVT,1
E01526,1,1,GSVT,GSVT,1
E01534,1,0,GSVT,AFIB,0
E01543,1,1,GSVT,GSVT,1
E01544,1,1,GSVT,GSVT,1
E01545,1,1,GSVT,GSVT,1
E01555,1,1,GSVT,GSVT,1
E01564,1,1,GSVT,GSVT,1
E01566,1,1,GSVT,GSVT,1
E01577,1,0,GSVT,AFIB,0
E01578,1,1,GSVT,GSVT,1
E01581,1,1,GSVT,GSVT,1
E01594,1,1,GSVT,GSVT,1
E01597,1,1,GSVT,GSVT,1
E01603,1,1,GSVT,GSVT,1
E01605,1,1,GSVT,GSVT,1
E01606,1,1,GSVT,GSVT,1
E01609,1,1,GSVT,GSVT,1
E01612,1,1,GSVT,GSVT,1
E01619,1,1,GSVT,GSVT,1
E01620,1,1,GSVT,GSVT,1
E01621,1,1,GSVT,GSVT,1
E01622,1,1,GSVT,GSVT,1
E01628,1,1,GSVT,GSVT,1
E01631,1,1,GSVT,GSVT,1
E01638,1,1,GSVT,GSVT,1
E01645,1,1,GSVT,GSVT,1
E01648,1,1,GSVT,GSVT,1
E01662,1,1,GSVT,GSVT,1
E01667,1,1,GSVT,GSVT,1
E01682,1,1,GSVT,GSVT,1
E01684,1,1,GSVT,GSVT,1
E01685,1,1,GSVT,GSVT,1
E01686,1,1,GSVT,GSVT,1
E01695,1,1,GSVT,GSVT,1
E01701,1,1,GSVT,GSVT,1
E01703,1,1,GSVT,GSVT,1
E01704,1,1,GSVT,GSVT,1
E01705,1,1,GSVT,GSVT,1
E01706,1,1,GSVT,GSVT,1
E01714,1,1,GSVT,GSVT,1
E01715,1,1,GSVT,GSVT,1
E01718,1,1,GSVT,GSVT,1
E01719,1,0,GSVT,AFIB,0
E01720,1,1,GSVT,GSVT,1
E01721,1,1,GSVT,GSVT,1
E01727,1,1,GSVT,GSVT,1
E01729,1,1,GSVT,GSVT,1
E01731,1,1,GSVT,GSVT,1
E01732,1,1,GSVT,GSVT,1
E01733,1,1,GSVT,GSVT,1
E01739,1,1,GSVT,GSVT,1
E01740,1,1,GSVT,GSVT,1
E01741,1,1,GSVT,GSVT,1
E01752,1,1,GSVT,GSVT,1
E01758,1,1,GSVT,GSVT,1
E01788,1,2,GSVT,SB,0
E01790,1,1,GSVT,GSVT,1
E01791,1,1,GSVT,GSVT,1
E01798,1,1,GSVT,GSVT,1
E01800,1,1,GSVT,GSVT,1
E01808,1,1,GSVT,GSVT,1
E01809,1,1,GSVT,GSVT,1
E01810,1,1,GSVT,GSVT,1
E01811,1,1,GSVT,GSVT,1
E01812,1,1,GSVT,GSVT,1
E01817,1,1,GSVT,GSVT,1
E01818,1,1,GSVT,GSVT,1
E01823,1,1,GSVT,GSVT,1
E01828,1,1,GSVT,GSVT,1
E01831,1,1,GSVT,GSVT,1
E01832,1,1,GSVT,GSVT,1
E01844,1,1,GSVT,GSVT,1
E01845,1,1,GSVT,GSVT,1
E01850,1,1,GSVT,GSVT,1
E01854,1,1,GSVT,GSVT,1
E01868,1,1,GSVT,GSVT,1
E01870,1,1,GSVT,GSVT,1
E01871,1,1,GSVT,GSVT,1
E01874,1,1,GSVT,GSVT,1
E01876,1,1,GSVT,GSVT,1
E01877,1,1,GSVT,GSVT,1
E01957,1,1,GSVT,GSVT,1
E01978,1,3,GSVT,SR,0
E01989,1,1,GSVT,GSVT,1
E01990,1,1,GSVT,GSVT,1
E01992,1,0,GSVT,AFIB,0
E01997,1,1,GSVT,GSVT,1
E02052,1,1,GSVT,GSVT,1
E02053,1,1,GSVT,GSVT,1
E02064,1,1,GSVT,GSVT,1
E02065,1,1,GSVT,GSVT,1
E02066,1,1,GSVT,GSVT,1
E02067,1,1,GSVT,GSVT,1
E02068,1,1,GSVT,GSVT,1
E02083,1,1,GSVT,GSVT,1
E02086,1,1,GSVT,GSVT,1
E02090,1,1,GSVT,GSVT,1
E02091,1,1,GSVT,GSVT,1
E02101,1,1,GSVT,GSVT,1
E02103,1,0,GSVT,AFIB,0
E02104,1,1,GSVT,GSVT,1
E02108,1,1,GSVT,GSVT,1
E02111,1,1,GSVT,GSVT,1
E02112,1,1,GSVT,GSVT,1
E02117,1,1,GSVT,GSVT,1
E02118,1,1,GSVT,GSVT,1
E02125,1,0,GSVT,AFIB,0
E02128,1,0,GSVT,AFIB,0
E02144,1,1,GSVT,GSVT,1
E02146,1,1,GSVT,GSVT,1
E02147,1,1,GSVT,GSVT,1
E02148,1,1,GSVT,GSVT,1
E02149,1,1,GSVT,GSVT,1
E02160,1,1,GSVT,GSVT,1
E02161,1,1,GSVT,GSVT,1
E02162,1,1,GSVT,GSVT,1
E02173,1,1,GSVT,GSVT,1
E02174,1,1,GSVT,GSVT,1
E02177,1,1,GSVT,GSVT,1
E02181,1,1,GSVT,GSVT,1
E02186,1,1,GSVT,GSVT,1
E02187,1,1,GSVT,GSVT,1
E02192,1,1,GSVT,GSVT,1
E02210,1,1,GSVT,GSVT,1
E02211,1,1,GSVT,GSVT,1
E02213,1,1,GSVT,GSVT,1
E02214,1,1,GSVT,GSVT,1
E02215,1,1,GSVT,GSVT,1
E02216,1,3,GSVT,SR,0
E02217,1,1,GSVT,GSVT,1
E02218,1,1,GSVT,GSVT,1
E02219,1,1,GSVT,GSVT,1
E02225,1,1,GSVT,GSVT,1
E02226,1,1,GSVT,GSVT,1
E02227,1,1,GSVT,GSVT,1
E02228,1,1,GSVT,GSVT,1
E02231,1,1,GSVT,GSVT,1
E02251,1,1,GSVT,GSVT,1
E02260,1,1,GSVT,GSVT,1
E02265,1,1,GSVT,GSVT,1
E02266,1,1,GSVT,GSVT,1
E02282,1,1,GSVT,GSVT,1
E02287,1,1,GSVT,GSVT,1
E02290,1,1,GSVT,GSVT,1
E02304,1,1,GSVT,GSVT,1
E02306,1,1,GSVT,GSVT,1
E02309,1,1,GSVT,GSVT,1
E02318,1,1,GSVT,GSVT,1
E02322,1,1,GSVT,GSVT,1
E02326,1,1,GSVT,GSVT,1
E02330,1,1,GSVT,GSVT,1
E02331,1,1,GSVT,GSVT,1
E02333,1,1,GSVT,GSVT,1
E02337,1,1,GSVT,GSVT,1
E02343,1,1,GSVT,GSVT,1
E02344,1,1,GSVT,GSVT,1
E02349,1,1,GSVT,GSVT,1
E02350,1,1,GSVT,GSVT,1
E02352,1,1,GSVT,GSVT,1
E02356,1,1,GSVT,GSVT,1
E02361,1,1,GSVT,GSVT,1
E02363,1,1,GSVT,GSVT,1
E02366,1,1,GSVT,GSVT,1
E02412,1,1,GSVT,GSVT,1
E02414,1,1,GSVT,GSVT,1
E02415,1,1,GSVT,GSVT,1
E02416,1,1,GSVT,GSVT,1
E02436,1,1,GSVT,GSVT,1
E02438,1,1,GSVT,GSVT,1
E02444,1,1,GSVT,GSVT,1
E02453,1,1,GSVT,GSVT,1
E02454,1,1,GSVT,GSVT,1
E02464,1,1,GSVT,GSVT,1
E02477,1,1,GSVT,GSVT,1
E02480,1,1,GSVT,GSVT,1
E02483,1,1,GSVT,GSVT,1
E02486,1,1,GSVT,GSVT,1
E02487,1,1,GSVT,GSVT,1
E02498,1,1,GSVT,GSVT,1
E02503,1,1,GSVT,GSVT,1
E02506,1,1,GSVT,GSVT,1
E02512,1,1,GSVT,GSVT,1
E02521,1,1,GSVT,GSVT,1
E02539,1,1,GSVT,GSVT,1
E02541,1,1,GSVT,GSVT,1
E02542,1,1,GSVT,GSVT,1
E02551,1,1,GSVT,GSVT,1
E02575,1,1,GSVT,GSVT,1
E02587,1,1,GSVT,GSVT,1
E02589,1,1,GSVT,GSVT,1
E02590,1,1,GSVT,GSVT,1
E02591,1,1,GSVT,GSVT,1
E02594,1,1,GSVT,GSVT,1
E02595,1,1,GSVT,GSVT,1
E02597,1,1,GSVT,GSVT,1
E02598,1,1,GSVT,GSVT,1
E02601,1,1,GSVT,GSVT,1
E02603,1,1,GSVT,GSVT,1
E02604,1,1,GSVT,GSVT,1
E02619,1,1,GSVT,GSVT,1
E02626,1,1,GSVT,GSVT,1
E02630,1,1,GSVT,GSVT,1
E02631,1,1,GSVT,GSVT,1
E02632,1,1,GSVT,GSVT,1
E02633,1,0,GSVT,AFIB,0
E02662,1,0,GSVT,AFIB,0
E02665,1,1,GSVT,GSVT,1
E02666,1,1,GSVT,GSVT,1
E02667,1,1,GSVT,GSVT,1
E02676,1,1,GSVT,GSVT,1
E02685,1,1,GSVT,GSVT,1
E02686,1,1,GSVT,GSVT,1
E02691,1,1,GSVT,GSVT,1
E02692,1,1,GSVT,GSVT,1
E02698,1,1,GSVT,GSVT,1
E02701,1,1,GSVT,GSVT,1
E02703,1,1,GSVT,GSVT,1
E02713,1,1,GSVT,GSVT,1
E02734,1,1,GSVT,GSVT,1
E02749,1,1,GSVT,GSVT,1
E02765,1,1,GSVT,GSVT,1
E02766,1,1,GSVT,GSVT,1
E02771,1,1,GSVT,GSVT,1
E02773,1,1,GSVT,GSVT,1
E02776,1,1,GSVT,GSVT,1
E02791,1,1,GSVT,GSVT,1
E02792,1,1,GSVT,GSVT,1
E02793,1,1,GSVT,GSVT,1
E02811,1,1,GSVT,GSVT,1
E02812,1,1,GSVT,GSVT,1
E02813,1,1,GSVT,GSVT,1
E02821,1,1,GSVT,GSVT,1
E02822,1,1,GSVT,GSVT,1
E02840,1,1,GSVT,GSVT,1
E02842,1,1,GSVT,GSVT,1
E02850,1,1,GSVT,GSVT,1
E02852,1,1,GSVT,GSVT,1
E02868,1,1,GSVT,GSVT,1
E02869,1,1,GSVT,GSVT,1
E02870,1,1,GSVT,GSVT,1
E02881,1,1,GSVT,GSVT,1
E02885,1,1,GSVT,GSVT,1
E02886,1,1,GSVT,GSVT,1
E02888,1,1,GSVT,GSVT,1
E02889,1,1,GSVT,GSVT,1
E02902,1,1,GSVT,GSVT,1
E02915,1,1,GSVT,GSVT,1
E02916,1,1,GSVT,GSVT,1
E02917,1,1,GSVT,GSVT,1
E02919,1,1,GSVT,GSVT,1
E02922,1,1,GSVT,GSVT,1
E02923,1,1,GSVT,GSVT,1
E02925,1,1,GSVT,GSVT,1
E02932,1,1,GSVT,GSVT,1
E02933,1,1,GSVT,GSVT,1
E02956,1,1,GSVT,GSVT,1
E02987,1,1,GSVT,GSVT,1
E03063,1,1,GSVT,GSVT,1
E03120,1,1,GSVT,GSVT,1
E03123,1,1,GSVT,GSVT,1
E03136,1,1,GSVT,GSVT,1
E03138,1,1,GSVT,GSVT,1
E03139,1,1,GSVT,GSVT,1
E03140,1,1,GSVT,GSVT,1
E03141,1,1,GSVT,GSVT,1
E03156,1,1,GSVT,GSVT,1
E03157,1,1,GSVT,GSVT,1
E03162,1,1,GSVT,GSVT,1
E03165,1,1,GSVT,GSVT,1
E03177,1,1,GSVT,GSVT,1
E03183,1,1,GSVT,GSVT,1
E03187,1,1,GSVT,GSVT,1
E03199,1,3,GSVT,SR,0
E03207,1,1,GSVT,GSVT,1
E03221,1,1,GSVT,GSVT,1
E03223,1,1,GSVT,GSVT,1
E03228,1,1,GSVT,GSVT,1
E03229,1,1,GSVT,GSVT,1
E03232,1,1,GSVT,GSVT,1
E03233,1,0,GSVT,AFIB,0
E03239,1,1,GSVT,GSVT,1
E03240,1,1,GSVT,GSVT,1
E03241,1,1,GSVT,GSVT,1
E03256,1,1,GSVT,GSVT,1
E03266,1,1,GSVT,GSVT,1
E03272,1,1,GSVT,GSVT,1
E03276,1,1,GSVT,GSVT,1
E03282,1,1,GSVT,GSVT,1
E03284,1,1,GSVT,GSVT,1
E03287,1,1,GSVT,GSVT,1
E03304,1,1,GSVT,GSVT,1
E03307,1,1,GSVT,GSVT,1
E03324,1,1,GSVT,GSVT,1
E03325,1,0,GSVT,AFIB,0
E03333,1,1,GSVT,GSVT,1
E03334,1,1,GSVT,GSVT,1
E03335,1,1,GSVT,GSVT,1
E03346,1,1,GSVT,GSVT,1
E03355,1,0,GSVT,AFIB,0
E03358,1,1,GSVT,GSVT,1
E03363,1,1,GSVT,GSVT,1
E03364,1,1,GSVT,GSVT,1
E03365,1,1,GSVT,GSVT,1
E03373,1,1,GSVT,GSVT,1
E03381,1,0,GSVT,AFIB,0
E03383,1,1,GSVT,GSVT,1
E03385,1,1,GSVT,GSVT,1
E03388,1,1,GSVT,GSVT,1
E03396,1,1,GSVT,GSVT,1
E03403,1,1,GSVT,GSVT,1
E03405,1,1,GSVT,GSVT,1
E03406,1,1,GSVT,GSVT,1
E03408,1,1,GSVT,GSVT,1
E03410,1,1,GSVT,GSVT,1
E03416,1,1,GSVT,GSVT,1
E03419,1,1,GSVT,GSVT,1
E03474,1,1,GSVT,GSVT,1
E03499,1,1,GSVT,GSVT,1
E03507,1,1,GSVT,GSVT,1
E03510,1,1,GSVT,GSVT,1
E03511,1,1,GSVT,GSVT,1
E03525,1,1,GSVT,GSVT,1
E03530,1,1,GSVT,GSVT,1
E03533,1,1,GSVT,GSVT,1
E03546,1,1,GSVT,GSVT,1
E03556,1,1,GSVT,GSVT,1
E03557,1,1,GSVT,GSVT,1
E03567,1,0,GSVT,AFIB,0
E03568,1,1,GSVT,GSVT,1
E03583,1,1,GSVT,GSVT,1
E03584,1,1,GSVT,GSVT,1
E03585,1,1,GSVT,GSVT,1
E03586,1,0,GSVT,AFIB,0
E03589,1,1,GSVT,GSVT,1
E03596,1,1,GSVT,GSVT,1
E03599,1,0,GSVT,AFIB,0
E03608,1,1,GSVT,GSVT,1
E03609,1,1,GSVT,GSVT,1
E03619,1,1,GSVT,GSVT,1
E03643,1,1,GSVT,GSVT,1
E03646,1,1,GSVT,GSVT,1
E03659,1,1,GSVT,GSVT,1
E03661,1,1,GSVT,GSVT,1
E03667,1,1,GSVT,GSVT,1
E03677,1,1,GSVT,GSVT,1
E03686,1,1,GSVT,GSVT,1
E03694,1,1,GSVT,GSVT,1
E03714,1,1,GSVT,GSVT,1
E03716,1,0,GSVT,AFIB,0
E03728,1,1,GSVT,GSVT,1
E03729,1,1,GSVT,GSVT,1
E03738,1,1,GSVT,GSVT,1
E03741,1,1,GSVT,GSVT,1
E03751,1,1,GSVT,GSVT,1
E03760,1,1,GSVT,GSVT,1
E03774,1,1,GSVT,GSVT,1
E03784,1,1,GSVT,GSVT,1
E03798,1,1,GSVT,GSVT,1
E03823,1,1,GSVT,GSVT,1
E03825,1,1,GSVT,GSVT,1
E03826,1,1,GSVT,GSVT,1
E03828,1,1,GSVT,GSVT,1
E03834,1,1,GSVT,GSVT,1
E03837,1,1,GSVT,GSVT,1
E03838,1,1,GSVT,GSVT,1
E03844,1,1,GSVT,GSVT,1
E03875,1,0,GSVT,AFIB,0
E03904,1,1,GSVT,GSVT,1
E03984,1,1,GSVT,GSVT,1
E04058,1,1,GSVT,GSVT,1
E04066,1,0,GSVT,AFIB,0
E04078,1,1,GSVT,GSVT,1
E04087,1,1,GSVT,GSVT,1
E04092,1,1,GSVT,GSVT,1
E04094,1,1,GSVT,GSVT,1
E04095,1,1,GSVT,GSVT,1
E04101,1,1,GSVT,GSVT,1
E04102,1,1,GSVT,GSVT,1
E04103,1,1,GSVT,GSVT,1
E04104,1,1,GSVT,GSVT,1
E04126,1,1,GSVT,GSVT,1
E04145,1,1,GSVT,GSVT,1
E04166,1,1,GSVT,GSVT,1
E04200,1,1,GSVT,GSVT,1
E04201,1,1,GSVT,GSVT,1
E04205,1,1,GSVT,GSVT,1
E04222,1,1,GSVT,GSVT,1
E04228,1,1,GSVT,GSVT,1
E04229,1,1,GSVT,GSVT,1
E04234,1,1,GSVT,GSVT,1
E04249,1,1,GSVT,GSVT,1
E04250,1,1,GSVT,GSVT,1
E04269,1,1,GSVT,GSVT,1
E04271,1,1,GSVT,GSVT,1
E04273,1,1,GSVT,GSVT,1
E04275,1,1,GSVT,GSVT,1
E04278,1,1,GSVT,GSVT,1
E04297,1,1,GSVT,GSVT,1
E04309,1,0,GSVT,AFIB,0
E04310,1,1,GSVT,GSVT,1
E04315,1,1,GSVT,GSVT,1
E04328,1,1,GSVT,GSVT,1
E04352,1,1,GSVT,GSVT,1
E04370,1,1,GSVT,GSVT,1
E04376,1,1,GSVT,GSVT,1
E04381,1,1,GSVT,GSVT,1
E04397,1,1,GSVT,GSVT,1
E04398,1,1,GSVT,GSVT,1
E04400,1,1,GSVT,GSVT,1
E04409,1,1,GSVT,GSVT,1
E04415,1,1,GSVT,GSVT,1
E04420,1,1,GSVT,GSVT,1
E04440,1,1,GSVT,GSVT,1
E04456,1,1,GSVT,GSVT,1
E04457,1,1,GSVT,GSVT,1
E04459,1,1,GSVT,GSVT,1
E04460,1,1,GSVT,GSVT,1
E04465,1,1,GSVT,GSVT,1
E04466,1,0,GSVT,AFIB,0
E04469,1,1,GSVT,GSVT,1
E04471,1,1,GSVT,GSVT,1
E04472,1,1,GSVT,GSVT,1
E04490,1,1,GSVT,GSVT,1
E04493,1,1,GSVT,GSVT,1
E04494,1,1,GSVT,GSVT,1
E04510,1,1,GSVT,GSVT,1
E04520,1,1,GSVT,GSVT,1
E04533,1,1,GSVT,GSVT,1
E04539,1,1,GSVT,GSVT,1
E04540,1,1,GSVT,GSVT,1
E04560,1,1,GSVT,GSVT,1
E04570,1,3,GSVT,SR,0
E04577,1,1,GSVT,GSVT,1
E04579,1,1,GSVT,GSVT,1
E04580,1,1,GSVT,GSVT,1
E04595,1,1,GSVT,GSVT,1
E04601,1,1,GSVT,GSVT,1
E04604,1,1,GSVT,GSVT,1
E04609,1,1,GSVT,GSVT,1
E04610,1,1,GSVT,GSVT,1
E04620,1,1,GSVT,GSVT,1
E04622,1,1,GSVT,GSVT,1
E04633,1,1,GSVT,GSVT,1
E04637,1,1,GSVT,GSVT,1
E04656,1,1,GSVT,GSVT,1
E04660,1,1,GSVT,GSVT,1
E04661,1,1,GSVT,GSVT,1
E04668,1,1,GSVT,GSVT,1
E04676,1,1,GSVT,GSVT,1
E04811,1,1,GSVT,GSVT,1
E04846,1,1,GSVT,GSVT,1
E04847,1,1,GSVT,GSVT,1
E04869,1,1,GSVT,GSVT,1
E04871,1,1,GSVT,GSVT,1
E04876,1,1,GSVT,GSVT,1
E04894,1,1,GSVT,GSVT,1
E04925,1,1,GSVT,GSVT,1
E04927,1,1,GSVT,GSVT,1
E04946,1,1,GSVT,GSVT,1
E04948,1,1,GSVT,GSVT,1
E04980,1,1,GSVT,GSVT,1
E04989,1,1,GSVT,GSVT,1
E05015,1,1,GSVT,GSVT,1
E05016,1,1,GSVT,GSVT,1
E05022,1,1,GSVT,GSVT,1
E05023,1,1,GSVT,GSVT,1
E05031,1,1,GSVT,GSVT,1
E05032,1,1,GSVT,GSVT,1
E05037,1,1,GSVT,GSVT,1
E05048,1,1,GSVT,GSVT,1
E05079,1,1,GSVT,GSVT,1
E05082,1,2,GSVT,SB,0
E05085,1,1,GSVT,GSVT,1
E05103,1,1,GSVT,GSVT,1
E05114,1,1,GSVT,GSVT,1
E05118,1,1,GSVT,GSVT,1
E05119,1,1,GSVT,GSVT,1
E05120,1,1,GSVT,GSVT,1
E05122,1,1,GSVT,GSVT,1
E05129,1,1,GSVT,GSVT,1
E05132,1,1,GSVT,GSVT,1
E05143,1,1,GSVT,GSVT,1
E05152,1,1,GSVT,GSVT,1
E05158,1,1,GSVT,GSVT,1
E05168,1,2,GSVT,SB,0
E05187,1,1,GSVT,GSVT,1
E05195,1,1,GSVT,GSVT,1
E05197,1,1,GSVT,GSVT,1
E05203,1,1,GSVT,GSVT,1
E05206,1,1,GSVT,GSVT,1
E05207,1,1,GSVT,GSVT,1
E05211,1,1,GSVT,GSVT,1
E05236,1,1,GSVT,GSVT,1
E05237,1,1,GSVT,GSVT,1
E05264,1,1,GSVT,GSVT,1
E05270,1,1,GSVT,GSVT,1
E05273,1,1,GSVT,GSVT,1
E05296,1,1,GSVT,GSVT,1
E05302,1,1,GSVT,GSVT,1
E05316,1,1,GSVT,GSVT,1
E05319,1,1,GSVT,GSVT,1
E05325,1,1,GSVT,GSVT,1
E05336,1,1,GSVT,GSVT,1
E05337,1,1,GSVT,GSVT,1
E05365,1,1,GSVT,GSVT,1
E05391,1,1,GSVT,GSVT,1
E05392,1,1,GSVT,GSVT,1
E05399,1,1,GSVT,GSVT,1
E05401,1,1,GSVT,GSVT,1
E05402,1,1,GSVT,GSVT,1
E05406,1,1,GSVT,GSVT,1
E05407,1,1,GSVT,GSVT,1
E05408,1,1,GSVT,GSVT,1
E05420,1,1,GSVT,GSVT,1
E05442,1,1,GSVT,GSVT,1
E05466,1,1,GSVT,GSVT,1
E05471,1,1,GSVT,GSVT,1
E05490,1,1,GSVT,GSVT,1
E05631,1,1,GSVT,GSVT,1
E05634,1,1,GSVT,GSVT,1
E05637,1,1,GSVT,GSVT,1
E05659,1,1,GSVT,GSVT,1
E05662,1,1,GSVT,GSVT,1
E05672,1,1,GSVT,GSVT,1
E05676,1,1,GSVT,GSVT,1
E05679,1,1,GSVT,GSVT,1
E05681,1,1,GSVT,GSVT,1
E05683,1,1,GSVT,GSVT,1
E05688,1,1,GSVT,GSVT,1
E05694,1,1,GSVT,GSVT,1
E05700,1,1,GSVT,GSVT,1
E05702,1,1,GSVT,GSVT,1
E05704,1,1,GSVT,GSVT,1
E05715,1,1,GSVT,GSVT,1
E05719,1,1,GSVT,GSVT,1
E05721,1,1,GSVT,GSVT,1
E05730,1,1,GSVT,GSVT,1
E05740,1,1,GSVT,GSVT,1
E05741,1,1,GSVT,GSVT,1
E05761,1,1,GSVT,GSVT,1
E05765,1,0,GSVT,AFIB,0
E05780,1,1,GSVT,GSVT,1
E05802,1,2,GSVT,SB,0
E05810,1,1,GSVT,GSVT,1
E05811,1,1,GSVT,GSVT,1
E05812,1,1,GSVT,GSVT,1
E05815,1,1,GSVT,GSVT,1
E05826,1,1,GSVT,GSVT,1
E05827,1,1,GSVT,GSVT,1
E05844,1,1,GSVT,GSVT,1
E05853,1,1,GSVT,GSVT,1
E05854,1,1,GSVT,GSVT,1
E05863,1,1,GSVT,GSVT,1
E05871,1,1,GSVT,GSVT,1
E05880,1,1,GSVT,GSVT,1
E05883,1,1,GSVT,GSVT,1
E05890,1,1,GSVT,GSVT,1
E05893,1,1,GSVT,GSVT,1
E05895,1,1,GSVT,GSVT,1
E05908,1,1,GSVT,GSVT,1
E05912,1,1,GSVT,GSVT,1
E05917,1,1,GSVT,GSVT,1
E05918,1,3,GSVT,SR,0
E05920,1,0,GSVT,AFIB,0
E05926,1,1,GSVT,GSVT,1
E05931,1,1,GSVT,GSVT,1
E05937,1,1,GSVT,GSVT,1
E05955,1,1,GSVT,GSVT,1
E05956,1,1,GSVT,GSVT,1
E05960,1,1,GSVT,GSVT,1
E05981,1,1,GSVT,GSVT,1
E05982,1,1,GSVT,GSVT,1
E05991,1,1,GSVT,GSVT,1
E05995,1,1,GSVT,GSVT,1
E06002,1,1,GSVT,GSVT,1
E06023,1,1,GSVT,GSVT,1
E06083,1,1,GSVT,GSVT,1
E06150,1,1,GSVT,GSVT,1
E06167,1,1,GSVT,GSVT,1
E06170,1,1,GSVT,GSVT,1
E06177,1,1,GSVT,GSVT,1
E06179,1,1,GSVT,GSVT,1
E06204,1,1,GSVT,GSVT,1
E06220,1,1,GSVT,GSVT,1
E06221,1,1,GSVT,GSVT,1
E06234,1,1,GSVT,GSVT,1
E06251,1,1,GSVT,GSVT,1
E06252,1,1,GSVT,GSVT,1
E06264,1,1,GSVT,GSVT,1
E06266,1,1,GSVT,GSVT,1
E06268,1,1,GSVT,GSVT,1
E06281,1,0,GSVT,AFIB,0
E06302,1,1,GSVT,GSVT,1
E06303,1,1,GSVT,GSVT,1
E06308,1,1,GSVT,GSVT,1
E06311,1,1,GSVT,GSVT,1
E06315,1,1,GSVT,GSVT,1
E06328,1,1,GSVT,GSVT,1
E06331,1,1,GSVT,GSVT,1
E06336,1,1,GSVT,GSVT,1
E06344,1,1,GSVT,GSVT,1
E06345,1,1,GSVT,GSVT,1
E06349,1,1,GSVT,GSVT,1
E06366,1,1,GSVT,GSVT,1
E06373,1,1,GSVT,GSVT,1
E06390,1,1,GSVT,GSVT,1
E06391,1,1,GSVT,GSVT,1
E06392,1,1,GSVT,GSVT,1
E06393,1,1,GSVT,GSVT,1
E06394,1,1,GSVT,GSVT,1
E06395,1,1,GSVT,GSVT,1
E06401,1,1,GSVT,GSVT,1
E06403,1,1,GSVT,GSVT,1
E06406,1,1,GSVT,GSVT,1
E06414,1,1,GSVT,GSVT,1
E06420,1,1,GSVT,GSVT,1
E06424,1,1,GSVT,GSVT,1
E06425,1,0,GSVT,AFIB,0
E06429,1,0,GSVT,AFIB,0
E06452,1,2,GSVT,SB,0
E06460,1,1,GSVT,GSVT,1
E06462,1,1,GSVT,GSVT,1
E06465,1,1,GSVT,GSVT,1
E06466,1,1,GSVT,GSVT,1
E06469,1,1,GSVT,GSVT,1
E06470,1,1,GSVT,GSVT,1
E06487,1,1,GSVT,GSVT,1
E06488,1,1,GSVT,GSVT,1
E06493,1,1,GSVT,GSVT,1
E06499,1,1,GSVT,GSVT,1
E06500,1,1,GSVT,GSVT,1
E06509,1,1,GSVT,GSVT,1
E06514,1,1,GSVT,GSVT,1
E06523,1,3,GSVT,SR,0
E06528,1,1,GSVT,GSVT,1
E06536,1,1,GSVT,GSVT,1
E06546,1,1,GSVT,GSVT,1
E06549,1,1,GSVT,GSVT,1
E06576,1,0,GSVT,AFIB,0
E06589,1,1,GSVT,GSVT,1
E06593,1,1,GSVT,GSVT,1
E06596,1,1,GSVT,GSVT,1
E06600,1,1,GSVT,GSVT,1
E06601,1,1,GSVT,GSVT,1
E06604,1,1,GSVT,GSVT,1
E06608,1,1,GSVT,GSVT,1
E06658,1,1,GSVT,GSVT,1
E06664,1,1,GSVT,GSVT,1
E06678,1,1,GSVT,GSVT,1
E06688,1,1,GSVT,GSVT,1
E06693,1,1,GSVT,GSVT,1
E06696,1,1,GSVT,GSVT,1
E06702,1,1,GSVT,GSVT,1
E06703,1,1,GSVT,GSVT,1
E06709,1,1,GSVT,GSVT,1
E06714,1,1,GSVT,GSVT,1
E06717,1,1,GSVT,GSVT,1
E06718,1,1,GSVT,GSVT,1
E06728,1,1,GSVT,GSVT,1
E06729,1,1,GSVT,GSVT,1
E06733,1,1,GSVT,GSVT,1
E06735,1,1,GSVT,GSVT,1
E06749,1,1,GSVT,GSVT,1
E06752,1,1,GSVT,GSVT,1
E06768,1,1,GSVT,GSVT,1
E06771,1,1,GSVT,GSVT,1
E06776,1,1,GSVT,GSVT,1
E06782,1,1,GSVT,GSVT,1
E06783,1,1,GSVT,GSVT,1
E06785,1,1,GSVT,GSVT,1
E06786,1,1,GSVT,GSVT,1
E06816,1,1,GSVT,GSVT,1
E06819,1,0,GSVT,AFIB,0
E06871,1,1,GSVT,GSVT,1
E06884,1,1,GSVT,GSVT,1
E06887,1,1,GSVT,GSVT,1
E06920,1,1,GSVT,GSVT,1
E06926,1,1,GSVT,GSVT,1
E06963,1,1,GSVT,GSVT,1
E06965,1,1,GSVT,GSVT,1
E06968,1,1,GSVT,GSVT,1
E06979,1,1,GSVT,GSVT,1
E06997,1,1,GSVT,GSVT,1
E07014,1,1,GSVT,GSVT,1
E07015,1,1,GSVT,GSVT,1
E07062,1,1,GSVT,GSVT,1
E07089,1,1,GSVT,GSVT,1
E07092,1,1,GSVT,GSVT,1
E07097,1,1,GSVT,GSVT,1
E07098,1,1,GSVT,GSVT,1
E07107,1,1,GSVT,GSVT,1
E07109,1,1,GSVT,GSVT,1
E07122,1,1,GSVT,GSVT,1
E07146,1,1,GSVT,GSVT,1
E07151,1,1,GSVT,GSVT,1
E07159,1,1,GSVT,GSVT,1
E07170,1,1,GSVT,GSVT,1
E07174,1,1,GSVT,GSVT,1
E07179,1,1,GSVT,GSVT,1
E07217,1,1,GSVT,GSVT,1
E07221,1,1,GSVT,GSVT,1
E07224,1,1,GSVT,GSVT,1
E07228,1,1,GSVT,GSVT,1
E07237,1,1,GSVT,GSVT,1
E07242,1,1,GSVT,GSVT,1
E07243,1,1,GSVT,GSVT,1
E07244,1,1,GSVT,GSVT,1
E07256,1,1,GSVT,GSVT,1
E07259,1,1,GSVT,GSVT,1
E07262,1,1,GSVT,GSVT,1
E07265,1,1,GSVT,GSVT,1
E07277,1,1,GSVT,GSVT,1
E07282,1,1,GSVT,GSVT,1
E07283,1,1,GSVT,GSVT,1
E07287,1,1,GSVT,GSVT,1
E07308,1,1,GSVT,GSVT,1
E07314,1,1,GSVT,GSVT,1
E07319,1,1,GSVT,GSVT,1
E07321,1,1,GSVT,GSVT,1
E07334,1,1,GSVT,GSVT,1
E07339,1,1,GSVT,GSVT,1
E07351,1,1,GSVT,GSVT,1
E07352,1,1,GSVT,GSVT,1
E07358,1,1,GSVT,GSVT,1
E07370,1,1,GSVT,GSVT,1
E07387,1,1,GSVT,GSVT,1
E07391,1,1,GSVT,GSVT,1
E07408,1,1,GSVT,GSVT,1
E07410,1,1,GSVT,GSVT,1
E07411,1,1,GSVT,GSVT,1
E07419,1,1,GSVT,GSVT,1
E07426,1,1,GSVT,GSVT,1
E07428,1,1,GSVT,GSVT,1
E07441,1,1,GSVT,GSVT,1
E07442,1,1,GSVT,GSVT,1
E07453,1,1,GSVT,GSVT,1
E07455,1,1,GSVT,GSVT,1
E07473,1,1,GSVT,GSVT,1
E07483,1,1,GSVT,GSVT,1
E07491,1,1,GSVT,GSVT,1
E07501,1,1,GSVT,GSVT,1
E07502,1,1,GSVT,GSVT,1
E07503,1,1,GSVT,GSVT,1
E07508,1,1,GSVT,GSVT,1
E07514,1,1,GSVT,GSVT,1
E07517,1,1,GSVT,GSVT,1
E07543,1,1,GSVT,GSVT,1
E07547,1,1,GSVT,GSVT,1
E07548,1,1,GSVT,GSVT,1
E07551,1,1,GSVT,GSVT,1
E07555,1,1,GSVT,GSVT,1
E07558,1,1,GSVT,GSVT,1
E07571,1,1,GSVT,GSVT,1
E07572,1,1,GSVT,GSVT,1
E07577,1,1,GSVT,GSVT,1
E07598,1,1,GSVT,GSVT,1
E07610,1,1,GSVT,GSVT,1
E07611,1,1,GSVT,GSVT,1
E07613,1,1,GSVT,GSVT,1
E07623,1,1,GSVT,GSVT,1
E07629,1,1,GSVT,GSVT,1
E07630,1,1,GSVT,GSVT,1
E07637,1,3,GSVT,SR,0
E07650,1,1,GSVT,GSVT,1
E07655,1,1,GSVT,GSVT,1
E07660,1,1,GSVT,GSVT,1
E07662,1,1,GSVT,GSVT,1
E07666,1,1,GSVT,GSVT,1
E07667,1,1,GSVT,GSVT,1
E07668,1,1,GSVT,GSVT,1
E07670,1,1,GSVT,GSVT,1
E07688,1,1,GSVT,GSVT,1
E07690,1,1,GSVT,GSVT,1
E07691,1,1,GSVT,GSVT,1
E07704,1,1,GSVT,GSVT,1
E07707,1,1,GSVT,GSVT,1
E07708,1,1,GSVT,GSVT,1
E07711,1,1,GSVT,GSVT,1
E07717,1,1,GSVT,GSVT,1
E07732,1,1,GSVT,GSVT,1
E07734,1,1,GSVT,GSVT,1
E07743,1,1,GSVT,GSVT,1
E07747,1,1,GSVT,GSVT,1
E07753,1,1,GSVT,GSVT,1
E07766,1,1,GSVT,GSVT,1
E07768,1,1,GSVT,GSVT,1
E07772,1,1,GSVT,GSVT,1
E07778,1,1,GSVT,GSVT,1
E07781,1,1,GSVT,GSVT,1
E07783,1,1,GSVT,GSVT,1
E07787,1,1,GSVT,GSVT,1
E07792,1,1,GSVT,GSVT,1
E07800,1,1,GSVT,GSVT,1
E07806,1,1,GSVT,GSVT,1
E07814,1,1,GSVT,GSVT,1
E07821,1,1,GSVT,GSVT,1
E07829,1,1,GSVT,GSVT,1
E07841,1,1,GSVT,GSVT,1
E07850,1,1,GSVT,GSVT,1
E07888,1,1,GSVT,GSVT,1
E07897,1,1,GSVT,GSVT,1
E07898,1,1,GSVT,GSVT,1
E07917,1,1,GSVT,GSVT,1
E07920,1,1,GSVT,GSVT,1
E07927,1,1,GSVT,GSVT,1
E07935,1,1,GSVT,GSVT,1
E08024,1,1,GSVT,GSVT,1
E08025,1,1,GSVT,GSVT,1
E08041,1,1,GSVT,GSVT,1
E08051,1,1,GSVT,GSVT,1
E08082,1,1,GSVT,GSVT,1
E08088,1,3,GSVT,SR,0
E08106,1,1,GSVT,GSVT,1
E08126,1,1,GSVT,GSVT,1
E08149,1,1,GSVT,GSVT,1
E08253,1,1,GSVT,GSVT,1
E08292,1,1,GSVT,GSVT,1
E08368,1,1,GSVT,GSVT,1
E08385,1,1,GSVT,GSVT,1
E08483,1,1,GSVT,GSVT,1
E08484,1,1,GSVT,GSVT,1
E08526,1,3,GSVT,SR,0
E08639,1,1,GSVT,GSVT,1
E08640,1,1,GSVT,GSVT,1
E08709,1,1,GSVT,GSVT,1
E08762,1,1,GSVT,GSVT,1
E08844,1,1,GSVT,GSVT,1
E08910,1,1,GSVT,GSVT,1
E08932,1,1,GSVT,GSVT,1
E08961,1,1,GSVT,GSVT,1
E09035,1,1,GSVT,GSVT,1
E09036,1,1,GSVT,GSVT,1
E09151,1,1,GSVT,GSVT,1
E09206,1,1,GSVT,GSVT,1
E09213,1,1,GSVT,GSVT,1
E09220,1,1,GSVT,GSVT,1
E09253,1,1,GSVT,GSVT,1
E09260,1,1,GSVT,GSVT,1
E09280,1,1,GSVT,GSVT,1
E09285,1,1,GSVT,GSVT,1
E09286,1,3,GSVT,SR,0
E09288,1,1,GSVT,GSVT,1
E09289,1,1,GSVT,GSVT,1
E09290,1,1,GSVT,GSVT,1
E09298,1,1,GSVT,GSVT,1
E09299,1,1,GSVT,GSVT,1
E09306,1,1,GSVT,GSVT,1
E09312,1,1,GSVT,GSVT,1
E09313,1,0,GSVT,AFIB,0
E09318,1,1,GSVT,GSVT,1
E09324,1,1,GSVT,GSVT,1
E09326,1,1,GSVT,GSVT,1
E09329,1,1,GSVT,GSVT,1
E09331,1,1,GSVT,GSVT,1
E09342,1,1,GSVT,GSVT,1
E09350,1,1,GSVT,GSVT,1
E09353,1,1,GSVT,GSVT,1
E09359,1,1,GSVT,GSVT,1
E09362,1,1,GSVT,GSVT,1
E09368,1,1,GSVT,GSVT,1
E09409,1,1,GSVT,GSVT,1
E09422,1,1,GSVT,GSVT,1
E09435,1,1,GSVT,GSVT,1
E09443,1,1,GSVT,GSVT,1
E09444,1,1,GSVT,GSVT,1
E09445,1,1,GSVT,GSVT,1
E09446,1,1,GSVT,GSVT,1
E09448,1,1,GSVT,GSVT,1
E09449,1,1,GSVT,GSVT,1
E09451,1,1,GSVT,GSVT,1
E09452,1,1,GSVT,GSVT,1
E09462,1,1,GSVT,GSVT,1
E09464,1,1,GSVT,GSVT,1
E09470,1,1,GSVT,GSVT,1
E09479,1,1,GSVT,GSVT,1
E09486,1,1,GSVT,GSVT,1
E09501,1,1,GSVT,GSVT,1
E09507,1,1,GSVT,GSVT,1
E09513,1,1,GSVT,GSVT,1
E09516,1,0,GSVT,AFIB,0
E09530,1,1,GSVT,GSVT,1
E09533,1,1,GSVT,GSVT,1
E09544,1,1,GSVT,GSVT,1
E09545,1,1,GSVT,GSVT,1
E09548,1,1,GSVT,GSVT,1
E09549,1,1,GSVT,GSVT,1
E09563,1,1,GSVT,GSVT,1
E09573,1,1,GSVT,GSVT,1
E09582,1,0,GSVT,AFIB,0
E09584,1,0,GSVT,AFIB,0
E09591,1,1,GSVT,GSVT,1
E09599,1,1,GSVT,GSVT,1
E09604,1,1,GSVT,GSVT,1
E09617,1,1,GSVT,GSVT,1
E09618,1,1,GSVT,GSVT,1
E09684,1,1,GSVT,GSVT,1
E09691,1,1,GSVT,GSVT,1
E09708,1,1,GSVT,GSVT,1
E09710,1,1,GSVT,GSVT,1
E09719,1,1,GSVT,GSVT,1
E09723,1,1,GSVT,GSVT,1
E09724,1,1,GSVT,GSVT,1
E09729,1,1,GSVT,GSVT,1
E09738,1,1,GSVT,GSVT,1
E09742,1,1,GSVT,GSVT,1
E09755,1,1,GSVT,GSVT,1
E09763,1,1,GSVT,GSVT,1
E09772,1,1,GSVT,GSVT,1
E09773,1,1,GSVT,GSVT,1
E09777,1,1,GSVT,GSVT,1
E09779,1,1,GSVT,GSVT,1
E09780,1,1,GSVT,GSVT,1
E09782,1,1,GSVT,GSVT,1
E09787,1,1,GSVT,GSVT,1
E09793,1,1,GSVT,GSVT,1
E09798,1,0,GSVT,AFIB,0
E09802,1,1,GSVT,GSVT,1
E09804,1,1,GSVT,GSVT,1
E09808,1,1,GSVT,GSVT,1
E09813,1,1,GSVT,GSVT,1
E09814,1,1,GSVT,GSVT,1
E09817,1,1,GSVT,GSVT,1
E09818,1,1,GSVT,GSVT,1
E09819,1,1,GSVT,GSVT,1
E09820,1,1,GSVT,GSVT,1
E09823,1,1,GSVT,GSVT,1
E09864,1,1,GSVT,GSVT,1
E09866,1,1,GSVT,GSVT,1
E09867,1,1,GSVT,GSVT,1
E09882,1,3,GSVT,SR,0
E09894,1,1,GSVT,GSVT,1
E09896,1,1,GSVT,GSVT,1
E09920,1,1,GSVT,GSVT,1
E09925,1,1,GSVT,GSVT,1
E09930,1,0,GSVT,AFIB,0
E09963,1,1,GSVT,GSVT,1
E10028,1,1,GSVT,GSVT,1
E10060,1,1,GSVT,GSVT,1
E10087,1,1,GSVT,GSVT,1
E10088,1,1,GSVT,GSVT,1
E10089,1,1,GSVT,GSVT,1
E10099,1,1,GSVT,GSVT,1
E10105,1,0,GSVT,AFIB,0
E10120,1,0,GSVT,AFIB,0
E10122,1,1,GSVT,GSVT,1
E10129,1,1,GSVT,GSVT,1
E10130,1,1,GSVT,GSVT,1
E10131,1,1,GSVT,GSVT,1
E10132,1,1,GSVT,GSVT,1
E10136,1,1,GSVT,GSVT,1
E10153,1,1,GSVT,GSVT,1
E10166,1,1,GSVT,GSVT,1
E10168,1,1,GSVT,GSVT,1
E10169,1,1,GSVT,GSVT,1
E10174,1,1,GSVT,GSVT,1
E10175,1,1,GSVT,GSVT,1
E10176,1,1,GSVT,GSVT,1
E10181,1,1,GSVT,GSVT,1
E10222,1,1,GSVT,GSVT,1
E10223,1,1,GSVT,GSVT,1
E10226,1,1,GSVT,GSVT,1
E10236,1,0,GSVT,AFIB,0
E10266,1,1,GSVT,GSVT,1
E10271,1,1,GSVT,GSVT,1
E10277,1,1,GSVT,GSVT,1
E10279,1,1,GSVT,GSVT,1
E10280,1,1,GSVT,GSVT,1
E10282,1,1,GSVT,GSVT,1
E10285,1,1,GSVT,GSVT,1
E10292,1,1,GSVT,GSVT,1
E10302,1,1,GSVT,GSVT,1
E00004,2,0,SB,AFIB,0
E00013,2,2,SB,SB,1
E00014,2,2,SB,SB,1
E00017,2,2,SB,SB,1
E00018,2,2,SB,SB,1
E00026,2,2,SB,SB,1
E00048,2,2,SB,SB,1
E00054,2,2,SB,SB,1
E00061,2,2,SB,SB,1
E00079,2,2,SB,SB,1
E00087,2,2,SB,SB,1
E00097,2,2,SB,SB,1
E00098,2,2,SB,SB,1
E00105,2,2,SB,SB,1
E00120,2,2,SB,SB,1
E00121,2,2,SB,SB,1
E00124,2,2,SB,SB,1
E00139,2,2,SB,SB,1
E00153,2,2,SB,SB,1
E00167,2,2,SB,SB,1
E00186,2,2,SB,SB,1
E00196,2,2,SB,SB,1
E00221,2,2,SB,SB,1
E00224,2,2,SB,SB,1
E00243,2,2,SB,SB,1
E00266,2,2,SB,SB,1
E00289,2,2,SB,SB,1
E00295,2,2,SB,SB,1
E00299,2,2,SB,SB,1
E00301,2,2,SB,SB,1
E00311,2,2,SB,SB,1
E00322,2,2,SB,SB,1
E00324,2,2,SB,SB,1
E00328,2,2,SB,SB,1
E00336,2,2,SB,SB,1
E00352,2,2,SB,SB,1
E00366,2,2,SB,SB,1
E00367,2,2,SB,SB,1
E00372,2,2,SB,SB,1
E00374,2,2,SB,SB,1
E00379,2,2,SB,SB,1
E00383,2,2,SB,SB,1
E00405,2,2,SB,SB,1
E00406,2,2,SB,SB,1
E00420,2,2,SB,SB,1
E00425,2,2,SB,SB,1
E00428,2,2,SB,SB,1
E00443,2,2,SB,SB,1
E00452,2,2,SB,SB,1
E00453,2,2,SB,SB,1
E00472,2,2,SB,SB,1
E00473,2,2,SB,SB,1
E00477,2,2,SB,SB,1
E00482,2,0,SB,AFIB,0
E00497,2,0,SB,AFIB,0
E00503,2,2,SB,SB,1
E00506,2,2,SB,SB,1
E00512,2,0,SB,AFIB,0
E00517,2,2,SB,SB,1
E00536,2,2,SB,SB,1
E00539,2,2,SB,SB,1
E00541,2,2,SB,SB,1
E00563,2,2,SB,SB,1
E00564,2,2,SB,SB,1
E00566,2,0,SB,AFIB,0
E00568,2,2,SB,SB,1
E00572,2,2,SB,SB,1
E00594,2,0,SB,AFIB,0
E00598,2,2,SB,SB,1
E00609,2,2,SB,SB,1
E00615,2,2,SB,SB,1
E00617,2,2,SB,SB,1
E00625,2,3,SB,SR,0
E00646,2,2,SB,SB,1
E00647,2,2,SB,SB,1
E00653,2,2,SB,SB,1
E00661,2,2,SB,SB,1
E00680,2,2,SB,SB,1
E00681,2,2,SB,SB,1
E00725,2,2,SB,SB,1
E00727,2,2,SB,SB,1
E00728,2,2,SB,SB,1
E00730,2,2,SB,SB,1
E00743,2,2,SB,SB,1
E00762,2,0,SB,AFIB,0
E00766,2,2,SB,SB,1
E00768,2,2,SB,SB,1
E00777,2,2,SB,SB,1
E00786,2,2,SB,SB,1
E00801,2,2,SB,SB,1
E00804,2,2,SB,SB,1
E00806,2,2,SB,SB,1
E00808,2,2,SB,SB,1
E00811,2,2,SB,SB,1
E00813,2,2,SB,SB,1
E00824,2,2,SB,SB,1
E00828,2,2,SB,SB,1
E00832,2,2,SB,SB,1
E00836,2,2,SB,SB,1
E00840,2,2,SB,SB,1
E00842,2,2,SB,SB,1
E00847,2,2,SB,SB,1
E00848,2,2,SB,SB,1
E00855,2,2,SB,SB,1
E00858,2,2,SB,SB,1
E00859,2,2,SB,SB,1
E00876,2,2,SB,SB,1
E00886,2,2,SB,SB,1
E00891,2,2,SB,SB,1
E00896,2,2,SB,SB,1
E00899,2,2,SB,SB,1
E00902,2,2,SB,SB,1
E00907,2,2,SB,SB,1
E00910,2,2,SB,SB,1
E00915,2,2,SB,SB,1
E00920,2,2,SB,SB,1
E00926,2,2,SB,SB,1
E00935,2,2,SB,SB,1
E00938,2,2,SB,SB,1
E00939,2,2,SB,SB,1
E00944,2,2,SB,SB,1
E00945,2,2,SB,SB,1
E00946,2,2,SB,SB,1
E00950,2,2,SB,SB,1
E00952,2,2,SB,SB,1
E00956,2,2,SB,SB,1
E00963,2,2,SB,SB,1
E00964,2,2,SB,SB,1
E00966,2,2,SB,SB,1
E00971,2,2,SB,SB,1
E00975,2,2,SB,SB,1
E00978,2,2,SB,SB,1
E00983,2,2,SB,SB,1
E00993,2,2,SB,SB,1
E00994,2,2,SB,SB,1
E01002,2,2,SB,SB,1
E01014,2,3,SB,SR,0
E01015,2,2,SB,SB,1
E01017,2,2,SB,SB,1
E01020,2,2,SB,SB,1
E01028,2,2,SB,SB,1
E01030,2,2,SB,SB,1
E01031,2,2,SB,SB,1
E01036,2,2,SB,SB,1
E01038,2,2,SB,SB,1
E01040,2,2,SB,SB,1
E01041,2,2,SB,SB,1
E01044,2,2,SB,SB,1
E01059,2,2,SB,SB,1
E01066,2,2,SB,SB,1
E01069,2,2,SB,SB,1
E01075,2,2,SB,SB,1
E01079,2,2,SB,SB,1
E01109,2,2,SB,SB,1
E01128,2,2,SB,SB,1
E01131,2,2,SB,SB,1
E01137,2,2,SB,SB,1
E01145,2,2,SB,SB,1
E01155,2,2,SB,SB,1
E01171,2,2,SB,SB,1
E01172,2,2,SB,SB,1
E01181,2,2,SB,SB,1
E01205,2,2,SB,SB,1
E01233,2,2,SB,SB,1
E01234,2,2,SB,SB,1
E01245,2,2,SB,SB,1
E01246,2,2,SB,SB,1
E01248,2,2,SB,SB,1
E01283,2,2,SB,SB,1
E01288,2,2,SB,SB,1
E01302,2,2,SB,SB,1
E01347,2,2,SB,SB,1
E01354,2,2,SB,SB,1
E01371,2,2,SB,SB,1
E01380,2,2,SB,SB,1
E01381,2,1,SB,GSVT,0
E01416,2,2,SB,SB,1
E01421,2,2,SB,SB,1
E01428,2,2,SB,SB,1
E01430,2,2,SB,SB,1
E01477,2,2,SB,SB,1
E01481,2,2,SB,SB,1
E01486,2,2,SB,SB,1
E01496,2,2,SB,SB,1
E01502,2,2,SB,SB,1
E01530,2,2,SB,SB,1
E01570,2,2,SB,SB,1
E01573,2,2,SB,SB,1
E01575,2,2,SB,SB,1
E01604,2,2,SB,SB,1
E01607,2,2,SB,SB,1
E01659,2,2,SB,SB,1
E01663,2,2,SB,SB,1
E01681,2,2,SB,SB,1
E01734,2,2,SB,SB,1
E01755,2,2,SB,SB,1
E01759,2,2,SB,SB,1
E01774,2,2,SB,SB,1
E01789,2,2,SB,SB,1
E01796,2,2,SB,SB,1
E01825,2,2,SB,SB,1
E01835,2,2,SB,SB,1
E01866,2,2,SB,SB,1
E01875,2,2,SB,SB,1
E01880,2,2,SB,SB,1
E01881,2,2,SB,SB,1
E01900,2,2,SB,SB,1
E01910,2,2,SB,SB,1
E01912,2,2,SB,SB,1
E01919,2,2,SB,SB,1
E01922,2,2,SB,SB,1
E01927,2,2,SB,SB,1
E01930,2,2,SB,SB,1
E01952,2,1,SB,GSVT,0
E01954,2,2,SB,SB,1
E01962,2,2,SB,SB,1
E01964,2,2,SB,SB,1
E01968,2,2,SB,SB,1
E01973,2,2,SB,SB,1
E01988,2,2,SB,SB,1
E02001,2,2,SB,SB,1
E02002,2,2,SB,SB,1
E02021,2,2,SB,SB,1
E02027,2,2,SB,SB,1
E02029,2,2,SB,SB,1
E02036,2,0,SB,AFIB,0
E02054,2,2,SB,SB,1
E02082,2,2,SB,SB,1
E02094,2,2,SB,SB,1
E02100,2,2,SB,SB,1
E02109,2,3,SB,SR,0
E02131,2,2,SB,SB,1
E02143,2,2,SB,SB,1
E02152,2,2,SB,SB,1
E02164,2,2,SB,SB,1
E02170,2,2,SB,SB,1
E02202,2,2,SB,SB,1
E02235,2,2,SB,SB,1
E02238,2,2,SB,SB,1
E02257,2,2,SB,SB,1
E02259,2,2,SB,SB,1
E02268,2,2,SB,SB,1
E02275,2,2,SB,SB,1
E02293,2,2,SB,SB,1
E02299,2,2,SB,SB,1
E02300,2,2,SB,SB,1
E02301,2,2,SB,SB,1
E02334,2,2,SB,SB,1
E02335,2,2,SB,SB,1
E02338,2,2,SB,SB,1
E02342,2,2,SB,SB,1
E02365,2,2,SB,SB,1
E02369,2,2,SB,SB,1
E02378,2,2,SB,SB,1
E02380,2,2,SB,SB,1
E02405,2,2,SB,SB,1
E02428,2,2,SB,SB,1
E02460,2,2,SB,SB,1
E02467,2,2,SB,SB,1
E02468,2,2,SB,SB,1
E02469,2,2,SB,SB,1
E02470,2,2,SB,SB,1
E02493,2,2,SB,SB,1
E02495,2,2,SB,SB,1
E02532,2,2,SB,SB,1
E02534,2,2,SB,SB,1
E02535,2,2,SB,SB,1
E02537,2,2,SB,SB,1
E02549,2,2,SB,SB,1
E02550,2,2,SB,SB,1
E02559,2,2,SB,SB,1
E02571,2,2,SB,SB,1
E02576,2,2,SB,SB,1
E02611,2,2,SB,SB,1
E02636,2,0,SB,AFIB,0
E02639,2,0,SB,AFIB,0
E02649,2,2,SB,SB,1
E02671,2,2,SB,SB,1
E02690,2,2,SB,SB,1
E02699,2,2,SB,SB,1
E02705,2,2,SB,SB,1
E02712,2,2,SB,SB,1
E02717,2,2,SB,SB,1
E02722,2,2,SB,SB,1
E02729,2,2,SB,SB,1
E02736,2,2,SB,SB,1
E02746,2,2,SB,SB,1
E02748,2,2,SB,SB,1
E02750,2,2,SB,SB,1
E02757,2,2,SB,SB,1
E02769,2,2,SB,SB,1
E02781,2,2,SB,SB,1
E02783,2,2,SB,SB,1
E02799,2,2,SB,SB,1
E02800,2,2,SB,SB,1
E02806,2,2,SB,SB,1
E02824,2,2,SB,SB,1
E02856,2,2,SB,SB,1
E02857,2,2,SB,SB,1
E02858,2,2,SB,SB,1
E02872,2,2,SB,SB,1
E02895,2,2,SB,SB,1
E02909,2,2,SB,SB,1
E02928,2,2,SB,SB,1
E02930,2,2,SB,SB,1
E02935,2,2,SB,SB,1
E02939,2,2,SB,SB,1
E02947,2,2,SB,SB,1
E02948,2,2,SB,SB,1
E02964,2,2,SB,SB,1
E02969,2,2,SB,SB,1
E02972,2,2,SB,SB,1
E02986,2,0,SB,AFIB,0
E02988,2,0,SB,AFIB,0
E02992,2,2,SB,SB,1
E02995,2,2,SB,SB,1
E02996,2,2,SB,SB,1
E02997,2,2,SB,SB,1
E03001,2,2,SB,SB,1
E03007,2,2,SB,SB,1
E03015,2,2,SB,SB,1
E03023,2,2,SB,SB,1
E03029,2,2,SB,SB,1
E03035,2,2,SB,SB,1
E03038,2,2,SB,SB,1
E03046,2,2,SB,SB,1
E03049,2,2,SB,SB,1
E03053,2,2,SB,SB,1
E03054,2,2,SB,SB,1
E03064,2,2,SB,SB,1
E03068,2,0,SB,AFIB,0
E03073,2,2,SB,SB,1
E03079,2,2,SB,SB,1
E03081,2,2,SB,SB,1
E03083,2,2,SB,SB,1
E03099,2,2,SB,SB,1
E03100,2,0,SB,AFIB,0
E03108,2,2,SB,SB,1
E03114,2,2,SB,SB,1
E03116,2,2,SB,SB,1
E03121,2,2,SB,SB,1
E03133,2,2,SB,SB,1
E03144,2,2,SB,SB,1
E03151,2,2,SB,SB,1
E03153,2,2,SB,SB,1
E03155,2,2,SB,SB,1
E03160,2,2,SB,SB,1
E03164,2,2,SB,SB,1
E03166,2,2,SB,SB,1
E03195,2,2,SB,SB,1
E03196,2,2,SB,SB,1
E03198,2,2,SB,SB,1
E03203,2,2,SB,SB,1
E03208,2,2,SB,SB,1
E03218,2,2,SB,SB,1
E03227,2,2,SB,SB,1
E03248,2,2,SB,SB,1
E03268,2,2,SB,SB,1
E03270,2,2,SB,SB,1
E03273,2,2,SB,SB,1
E03279,2,2,SB,SB,1
E03292,2,2,SB,SB,1
E03297,2,2,SB,SB,1
E03308,2,0,SB,AFIB,0
E03311,2,2,SB,SB,1
E03313,2,2,SB,SB,1
E03321,2,2,SB,SB,1
E03336,2,2,SB,SB,1
E03338,2,2,SB,SB,1
E03339,2,2,SB,SB,1
E03343,2,2,SB,SB,1
E03376,2,2,SB,SB,1
E03413,2,2,SB,SB,1
E03414,2,2,SB,SB,1
E03420,2,2,SB,SB,1
E03427,2,2,SB,SB,1
E03429,2,2,SB,SB,1
E03443,2,2,SB,SB,1
E03447,2,2,SB,SB,1
E03456,2,2,SB,SB,1
E03471,2,2,SB,SB,1
E03472,2,2,SB,SB,1
E03488,2,2,SB,SB,1
E03506,2,2,SB,SB,1
E03509,2,2,SB,SB,1
E03534,2,2,SB,SB,1
E03541,2,2,SB,SB,1
E03543,2,2,SB,SB,1
E03544,2,2,SB,SB,1
E03550,2,2,SB,SB,1
E03554,2,2,SB,SB,1
E03561,2,2,SB,SB,1
E03570,2,2,SB,SB,1
E03579,2,2,SB,SB,1
E03581,2,2,SB,SB,1
E03595,2,2,SB,SB,1
E03614,2,2,SB,SB,1
E03630,2,2,SB,SB,1
E03631,2,2,SB,SB,1
E03660,2,2,SB,SB,1
E03679,2,2,SB,SB,1
E03681,2,2,SB,SB,1
E03693,2,2,SB,SB,1
E03697,2,2,SB,SB,1
E03706,2,2,SB,SB,1
E03709,2,2,SB,SB,1
E03722,2,2,SB,SB,1
E03724,2,2,SB,SB,1
E03726,2,2,SB,SB,1
E03727,2,1,SB,GSVT,0
E03736,2,2,SB,SB,1
E03737,2,2,SB,SB,1
E03754,2,2,SB,SB,1
E03757,2,2,SB,SB,1
E03761,2,2,SB,SB,1
E03765,2,2,SB,SB,1
E03770,2,2,SB,SB,1
E03771,2,2,SB,SB,1
E03780,2,2,SB,SB,1
E03788,2,2,SB,SB,1
E03794,2,2,SB,SB,1
E03804,2,0,SB,AFIB,0
E03812,2,2,SB,SB,1
E03813,2,2,SB,SB,1
E03814,2,2,SB,SB,1
E03815,2,0,SB,AFIB,0
E03816,2,0,SB,AFIB,0
E03817,2,0,SB,AFIB,0
E03822,2,2,SB,SB,1
E03831,2,2,SB,SB,1
E03835,2,2,SB,SB,1
E03840,2,2,SB,SB,1
E03851,2,2,SB,SB,1
E03852,2,2,SB,SB,1
E03854,2,2,SB,SB,1
E03866,2,2,SB,SB,1
E03874,2,2,SB,SB,1
E03876,2,2,SB,SB,1
E03877,2,2,SB,SB,1
E03888,2,2,SB,SB,1
E03894,2,2,SB,SB,1
E03896,2,2,SB,SB,1
E03898,2,2,SB,SB,1
E03902,2,2,SB,SB,1
E03903,2,2,SB,SB,1
E03912,2,2,SB,SB,1
E03914,2,2,SB,SB,1
E03916,2,2,SB,SB,1
E03922,2,2,SB,SB,1
E03928,2,2,SB,SB,1
E03929,2,2,SB,SB,1
E03937,2,2,SB,SB,1
E03938,2,0,SB,AFIB,0
E03939,2,2,SB,SB,1
E03947,2,2,SB,SB,1
E03948,2,2,SB,SB,1
E03950,2,2,SB,SB,1
E03955,2,2,SB,SB,1
E03956,2,2,SB,SB,1
E03957,2,2,SB,SB,1
E03963,2,2,SB,SB,1
E03973,2,2,SB,SB,1
E03977,2,2,SB,SB,1
E03978,2,2,SB,SB,1
E03981,2,2,SB,SB,1
E03985,2,0,SB,AFIB,0
E03990,2,2,SB,SB,1
E03998,2,2,SB,SB,1
E04002,2,2,SB,SB,1
E04004,2,2,SB,SB,1
E04006,2,2,SB,SB,1
E04007,2,2,SB,SB,1
E04009,2,2,SB,SB,1
E04010,2,2,SB,SB,1
E04013,2,2,SB,SB,1
E04014,2,2,SB,SB,1
E04024,2,2,SB,SB,1
E04025,2,2,SB,SB,1
E04029,2,2,SB,SB,1
E04030,2,2,SB,SB,1
E04033,2,2,SB,SB,1
E04041,2,2,SB,SB,1
E04048,2,2,SB,SB,1
E04049,2,2,SB,SB,1
E04052,2,2,SB,SB,1
E04068,2,2,SB,SB,1
E04080,2,2,SB,SB,1
E04116,2,2,SB,SB,1
E04124,2,2,SB,SB,1
E04134,2,2,SB,SB,1
E04150,2,2,SB,SB,1
E04168,2,2,SB,SB,1
E04169,2,2,SB,SB,1
E04177,2,2,SB,SB,1
E04187,2,2,SB,SB,1
E04191,2,2,SB,SB,1
E04192,2,2,SB,SB,1
E04193,2,2,SB,SB,1
E04195,2,2,SB,SB,1
E04221,2,2,SB,SB,1
E04248,2,2,SB,SB,1
E04255,2,2,SB,SB,1
E04267,2,2,SB,SB,1
E04281,2,2,SB,SB,1
E04282,2,2,SB,SB,1
E04283,2,2,SB,SB,1
E04289,2,2,SB,SB,1
E04298,2,2,SB,SB,1
E04299,2,2,SB,SB,1
E04305,2,2,SB,SB,1
E04324,2,2,SB,SB,1
E04326,2,2,SB,SB,1
E04327,2,2,SB,SB,1
E04333,2,2,SB,SB,1
E04338,2,2,SB,SB,1
E04339,2,2,SB,SB,1
E04358,2,2,SB,SB,1
E04360,2,2,SB,SB,1
E04361,2,2,SB,SB,1
E04367,2,2,SB,SB,1
E04395,2,2,SB,SB,1
E04396,2,2,SB,SB,1
E04447,2,2,SB,SB,1
E04455,2,2,SB,SB,1
E04461,2,1,SB,GSVT,0
E04485,2,2,SB,SB,1
E04501,2,2,SB,SB,1
E04503,2,2,SB,SB,1
E04519,2,2,SB,SB,1
E04523,2,2,SB,SB,1
E04524,2,2,SB,SB,1
E04528,2,2,SB,SB,1
E04550,2,2,SB,SB,1
E04553,2,2,SB,SB,1
E04558,2,2,SB,SB,1
E04563,2,2,SB,SB,1
E04573,2,2,SB,SB,1
E04593,2,2,SB,SB,1
E04607,2,2,SB,SB,1
E04621,2,2,SB,SB,1
E04625,2,2,SB,SB,1
E04629,2,2,SB,SB,1
E04632,2,2,SB,SB,1
E04635,2,2,SB,SB,1
E04663,2,2,SB,SB,1
E04678,2,2,SB,SB,1
E04679,2,2,SB,SB,1
E04683,2,2,SB,SB,1
E04688,2,2,SB,SB,1
E04697,2,2,SB,SB,1
E04698,2,2,SB,SB,1
E04699,2,2,SB,SB,1
E04700,2,2,SB,SB,1
E04703,2,2,SB,SB,1
E04708,2,2,SB,SB,1
E04709,2,2,SB,SB,1
E04710,2,2,SB,SB,1
E04714,2,2,SB,SB,1
E04722,2,2,SB,SB,1
E04724,2,2,SB,SB,1
E04729,2,2,SB,SB,1
E04731,2,2,SB,SB,1
E04737,2,2,SB,SB,1
E04738,2,2,SB,SB,1
E04750,2,2,SB,SB,1
E04753,2,2,SB,SB,1
E04757,2,2,SB,SB,1
E04762,2,2,SB,SB,1
E04766,2,2,SB,SB,1
E04767,2,2,SB,SB,1
E04772,2,2,SB,SB,1
E04773,2,2,SB,SB,1
E04784,2,2,SB,SB,1
E04787,2,2,SB,SB,1
E04795,2,2,SB,SB,1
E04796,2,2,SB,SB,1
E04805,2,2,SB,SB,1
E04806,2,2,SB,SB,1
E04813,2,2,SB,SB,1
E04821,2,2,SB,SB,1
E04824,2,2,SB,SB,1
E04830,2,2,SB,SB,1
E04833,2,2,SB,SB,1
E04836,2,2,SB,SB,1
E04839,2,2,SB,SB,1
E04841,2,2,SB,SB,1
E04842,2,2,SB,SB,1
E04844,2,2,SB,SB,1
E04845,2,2,SB,SB,1
E04861,2,2,SB,SB,1
E04862,2,2,SB,SB,1
E04865,2,2,SB,SB,1
E04866,2,2,SB,SB,1
E04877,2,2,SB,SB,1
E04884,2,2,SB,SB,1
E04897,2,2,SB,SB,1
E04916,2,2,SB,SB,1
E04926,2,2,SB,SB,1
E04961,2,2,SB,SB,1
E04964,2,2,SB,SB,1
E04968,2,2,SB,SB,1
E04969,2,2,SB,SB,1
E04970,2,2,SB,SB,1
E04971,2,2,SB,SB,1
E04972,2,2,SB,SB,1
E04973,2,2,SB,SB,1
E04974,2,2,SB,SB,1
E04983,2,2,SB,SB,1
E04985,2,2,SB,SB,1
E04988,2,2,SB,SB,1
E04992,2,1,SB,GSVT,0
E05002,2,2,SB,SB,1
E05010,2,2,SB,SB,1
E05018,2,2,SB,SB,1
E05020,2,2,SB,SB,1
E05042,2,2,SB,SB,1
E05044,2,2,SB,SB,1
E05050,2,2,SB,SB,1
E05054,2,2,SB,SB,1
E05059,2,2,SB,SB,1
E05076,2,2,SB,SB,1
E05080,2,2,SB,SB,1
E05090,2,2,SB,SB,1
E05095,2,0,SB,AFIB,0
E05098,2,2,SB,SB,1
E05108,2,2,SB,SB,1
E05126,2,2,SB,SB,1
E05130,2,2,SB,SB,1
E05137,2,2,SB,SB,1
E05142,2,2,SB,SB,1
E05145,2,2,SB,SB,1
E05149,2,2,SB,SB,1
E05174,2,2,SB,SB,1
E05180,2,0,SB,AFIB,0
E05189,2,2,SB,SB,1
E05190,2,2,SB,SB,1
E05192,2,2,SB,SB,1
E05193,2,2,SB,SB,1
E05198,2,2,SB,SB,1
E05200,2,2,SB,SB,1
E05208,2,2,SB,SB,1
E05217,2,2,SB,SB,1
E05218,2,2,SB,SB,1
E05222,2,2,SB,SB,1
E05224,2,2,SB,SB,1
E05225,2,2,SB,SB,1
E05226,2,2,SB,SB,1
E05228,2,2,SB,SB,1
E05233,2,2,SB,SB,1
E05253,2,2,SB,SB,1
E05259,2,2,SB,SB,1
E05260,2,2,SB,SB,1
E05266,2,2,SB,SB,1
E05269,2,2,SB,SB,1
E05271,2,2,SB,SB,1
E05281,2,2,SB,SB,1
E05298,2,2,SB,SB,1
E05304,2,2,SB,SB,1
E05307,2,2,SB,SB,1
E05310,2,2,SB,SB,1
E05318,2,2,SB,SB,1
E05339,2,2,SB,SB,1
E05340,2,2,SB,SB,1
E05341,2,1,SB,GSVT,0
E05353,2,2,SB,SB,1
E05356,2,2,SB,SB,1
E05359,2,2,SB,SB,1
E05366,2,2,SB,SB,1
E05376,2,2,SB,SB,1
E05396,2,2,SB,SB,1
E05400,2,2,SB,SB,1
E05404,2,2,SB,SB,1
E05411,2,2,SB,SB,1
E05414,2,2,SB,SB,1
E05421,2,2,SB,SB,1
E05424,2,2,SB,SB,1
E05439,2,2,SB,SB,1
E05441,2,2,SB,SB,1
E05447,2,2,SB,SB,1
E05456,2,2,SB,SB,1
E05461,2,2,SB,SB,1
E05478,2,2,SB,SB,1
E05479,2,2,SB,SB,1
E05481,2,2,SB,SB,1
E05482,2,2,SB,SB,1
E05485,2,2,SB,SB,1
E05495,2,2,SB,SB,1
E05497,2,2,SB,SB,1
E05498,2,2,SB,SB,1
E05500,2,2,SB,SB,1
E05501,2,2,SB,SB,1
E05507,2,2,SB,SB,1
E05509,2,2,SB,SB,1
E05510,2,2,SB,SB,1
E05520,2,2,SB,SB,1
E05521,2,2,SB,SB,1
E05528,2,2,SB,SB,1
E05533,2,2,SB,SB,1
E05535,2,2,SB,SB,1
E05538,2,2,SB,SB,1
E05540,2,0,SB,AFIB,0
E05541,2,2,SB,SB,1
E05543,2,2,SB,SB,1
E05546,2,2,SB,SB,1
E05551,2,2,SB,SB,1
E05553,2,2,SB,SB,1
E05554,2,2,SB,SB,1
E05555,2,2,SB,SB,1
E05559,2,2,SB,SB,1
E05563,2,2,SB,SB,1
E05576,2,2,SB,SB,1
E05591,2,2,SB,SB,1
E05592,2,0,SB,AFIB,0
E05593,2,2,SB,SB,1
E05595,2,2,SB,SB,1
E05596,2,2,SB,SB,1
E05597,2,2,SB,SB,1
E05603,2,2,SB,SB,1
E05606,2,1,SB,GSVT,0
E05609,2,2,SB,SB,1
E05614,2,2,SB,SB,1
E05615,2,2,SB,SB,1
E05619,2,2,SB,SB,1
E05627,2,2,SB,SB,1
E05632,2,2,SB,SB,1
E05639,2,2,SB,SB,1
E05645,2,2,SB,SB,1
E05656,2,2,SB,SB,1
E05666,2,2,SB,SB,1
E05675,2,2,SB,SB,1
E05690,2,0,SB,AFIB,0
E05693,2,2,SB,SB,1
E05699,2,2,SB,SB,1
E05708,2,2,SB,SB,1
E05745,2,2,SB,SB,1
E05747,2,2,SB,SB,1
E05750,2,2,SB,SB,1
E05751,2,2,SB,SB,1
E05759,2,2,SB,SB,1
E05763,2,2,SB,SB,1
E05772,2,2,SB,SB,1
E05773,2,2,SB,SB,1
E05781,2,2,SB,SB,1
E05789,2,2,SB,SB,1
E05793,2,2,SB,SB,1
E05817,2,2,SB,SB,1
E05821,2,2,SB,SB,1
E05825,2,2,SB,SB,1
E05837,2,2,SB,SB,1
E05839,2,2,SB,SB,1
E05850,2,0,SB,AFIB,0
E05864,2,2,SB,SB,1
E05876,2,2,SB,SB,1
E05884,2,2,SB,SB,1
E05888,2,2,SB,SB,1
E05891,2,2,SB,SB,1
E05924,2,2,SB,SB,1
E05928,2,2,SB,SB,1
E05938,2,2,SB,SB,1
E05939,2,2,SB,SB,1
E05945,2,2,SB,SB,1
E05949,2,2,SB,SB,1
E05954,2,2,SB,SB,1
E05968,2,2,SB,SB,1
E05974,2,2,SB,SB,1
E05988,2,2,SB,SB,1
E06004,2,2,SB,SB,1
E06016,2,2,SB,SB,1
E06017,2,2,SB,SB,1
E06024,2,2,SB,SB,1
E06025,2,2,SB,SB,1
E06031,2,2,SB,SB,1
E06039,2,2,SB,SB,1
E06040,2,2,SB,SB,1
E06041,2,2,SB,SB,1
E06048,2,2,SB,SB,1
E06049,2,2,SB,SB,1
E06053,2,2,SB,SB,1
E06056,2,2,SB,SB,1
E06065,2,2,SB,SB,1
E06066,2,2,SB,SB,1
E06067,2,2,SB,SB,1
E06069,2,2,SB,SB,1
E06070,2,2,SB,SB,1
E06089,2,2,SB,SB,1
E06092,2,2,SB,SB,1
E06093,2,2,SB,SB,1
E06095,2,2,SB,SB,1
E06105,2,2,SB,SB,1
E06109,2,2,SB,SB,1
E06111,2,2,SB,SB,1
E06115,2,2,SB,SB,1
E06116,2,2,SB,SB,1
E06118,2,2,SB,SB,1
E06124,2,2,SB,SB,1
E06127,2,2,SB,SB,1
E06129,2,2,SB,SB,1
E06131,2,2,SB,SB,1
E06135,2,2,SB,SB,1
E06137,2,0,SB,AFIB,0
E06141,2,2,SB,SB,1
E06142,2,2,SB,SB,1
E06148,2,2,SB,SB,1
E06163,2,2,SB,SB,1
E06181,2,0,SB,AFIB,0
E06187,2,2,SB,SB,1
E06194,2,2,SB,SB,1
E06197,2,2,SB,SB,1
E06201,2,2,SB,SB,1
E06212,2,2,SB,SB,1
E06215,2,0,SB,AFIB,0
E06229,2,2,SB,SB,1
E06240,2,2,SB,SB,1
E06241,2,2,SB,SB,1
E06253,2,2,SB,SB,1
E06254,2,2,SB,SB,1
E06271,2,2,SB,SB,1
E06291,2,2,SB,SB,1
E06293,2,2,SB,SB,1
E06316,2,2,SB,SB,1
E06320,2,2,SB,SB,1
E06354,2,2,SB,SB,1
E06382,2,2,SB,SB,1
E06383,2,0,SB,AFIB,0
E06384,2,2,SB,SB,1
E06417,2,2,SB,SB,1
E06419,2,2,SB,SB,1
E06432,2,2,SB,SB,1
E06440,2,2,SB,SB,1
E06441,2,2,SB,SB,1
E06444,2,2,SB,SB,1
E06450,2,2,SB,SB,1
E06451,2,2,SB,SB,1
E06456,2,2,SB,SB,1
E06457,2,2,SB,SB,1
E06476,2,2,SB,SB,1
E06480,2,2,SB,SB,1
E06481,2,2,SB,SB,1
E06483,2,2,SB,SB,1
E06486,2,2,SB,SB,1
E06492,2,2,SB,SB,1
E06502,2,2,SB,SB,1
E06506,2,2,SB,SB,1
E06526,2,2,SB,SB,1
E06541,2,2,SB,SB,1
E06545,2,2,SB,SB,1
E06566,2,0,SB,AFIB,0
E06571,2,0,SB,AFIB,0
E06622,2,2,SB,SB,1
E06626,2,2,SB,SB,1
E06630,2,2,SB,SB,1
E06636,2,2,SB,SB,1
E06638,2,2,SB,SB,1
E06646,2,1,SB,GSVT,0
E06648,2,2,SB,SB,1
E06653,2,2,SB,SB,1
E06654,2,2,SB,SB,1
E06661,2,2,SB,SB,1
E06663,2,2,SB,SB,1
E06665,2,2,SB,SB,1
E06667,2,2,SB,SB,1
E06670,2,2,SB,SB,1
E06679,2,2,SB,SB,1
E06680,2,2,SB,SB,1
E06697,2,2,SB,SB,1
E06725,2,2,SB,SB,1
E06747,2,2,SB,SB,1
E06758,2,2,SB,SB,1
E06761,2,0,SB,AFIB,0
E06767,2,2,SB,SB,1
E06770,2,2,SB,SB,1
E06799,2,1,SB,GSVT,0
E06810,2,2,SB,SB,1
E06811,2,2,SB,SB,1
E06823,2,2,SB,SB,1
E06831,2,2,SB,SB,1
E06832,2,2,SB,SB,1
E06834,2,2,SB,SB,1
E06844,2,2,SB,SB,1
E06845,2,2,SB,SB,1
E06847,2,2,SB,SB,1
E06850,2,2,SB,SB,1
E06857,2,2,SB,SB,1
E06858,2,2,SB,SB,1
E06865,2,0,SB,AFIB,0
E06868,2,2,SB,SB,1
E06872,2,2,SB,SB,1
E06879,2,2,SB,SB,1
E06883,2,2,SB,SB,1
E06885,2,2,SB,SB,1
E06889,2,2,SB,SB,1
E06899,2,2,SB,SB,1
E06905,2,2,SB,SB,1
E06911,2,2,SB,SB,1
E06918,2,3,SB,SR,0
E06927,2,2,SB,SB,1
E06928,2,2,SB,SB,1
E06933,2,2,SB,SB,1
E06944,2,2,SB,SB,1
E06951,2,2,SB,SB,1
E06956,2,2,SB,SB,1
E06960,2,2,SB,SB,1
E06970,2,2,SB,SB,1
E06971,2,2,SB,SB,1
E06998,2,2,SB,SB,1
E07004,2,2,SB,SB,1
E07007,2,2,SB,SB,1
E07013,2,2,SB,SB,1
E07016,2,2,SB,SB,1
E07017,2,2,SB,SB,1
E07021,2,2,SB,SB,1
E07022,2,2,SB,SB,1
E07023,2,2,SB,SB,1
E07027,2,2,SB,SB,1
E07028,2,2,SB,SB,1
E07030,2,2,SB,SB,1
E07032,2,2,SB,SB,1
E07034,2,2,SB,SB,1
E07035,2,2,SB,SB,1
E07038,2,2,SB,SB,1
E07042,2,2,SB,SB,1
E07045,2,2,SB,SB,1
E07046,2,2,SB,SB,1
E07047,2,2,SB,SB,1
E07050,2,2,SB,SB,1
E07056,2,2,SB,SB,1
E07057,2,2,SB,SB,1
E07068,2,2,SB,SB,1
E07070,2,2,SB,SB,1
E07090,2,2,SB,SB,1
E07099,2,2,SB,SB,1
E07111,2,2,SB,SB,1
E07112,2,2,SB,SB,1
E07123,2,2,SB,SB,1
E07124,2,2,SB,SB,1
E07129,2,2,SB,SB,1
E07135,2,2,SB,SB,1
E07138,2,2,SB,SB,1
E07139,2,2,SB,SB,1
E07150,2,2,SB,SB,1
E07161,2,2,SB,SB,1
E07164,2,2,SB,SB,1
E07175,2,2,SB,SB,1
E07199,2,2,SB,SB,1
E07201,2,3,SB,SR,0
E07202,2,2,SB,SB,1
E07206,2,2,SB,SB,1
E07240,2,2,SB,SB,1
E07248,2,2,SB,SB,1
E07249,2,2,SB,SB,1
E07253,2,2,SB,SB,1
E07254,2,2,SB,SB,1
E07255,2,2,SB,SB,1
E07286,2,2,SB,SB,1
E07294,2,2,SB,SB,1
E07297,2,2,SB,SB,1
E07299,2,2,SB,SB,1
E07301,2,2,SB,SB,1
E07306,2,2,SB,SB,1
E07345,2,2,SB,SB,1
E07357,2,2,SB,SB,1
E07362,2,2,SB,SB,1
E07371,2,2,SB,SB,1
E07382,2,2,SB,SB,1
E07396,2,2,SB,SB,1
E07401,2,2,SB,SB,1
E07405,2,2,SB,SB,1
E07414,2,2,SB,SB,1
E07427,2,2,SB,SB,1
E07432,2,2,SB,SB,1
E07439,2,2,SB,SB,1
E07443,2,2,SB,SB,1
E07450,2,2,SB,SB,1
E07478,2,2,SB,SB,1
E07482,2,2,SB,SB,1
E07487,2,2,SB,SB,1
E07493,2,2,SB,SB,1
E07500,2,2,SB,SB,1
E07509,2,2,SB,SB,1
E07510,2,2,SB,SB,1
E07512,2,2,SB,SB,1
E07522,2,2,SB,SB,1
E07523,2,2,SB,SB,1
E07527,2,2,SB,SB,1
E07532,2,2,SB,SB,1
E07533,2,2,SB,SB,1
E07534,2,2,SB,SB,1
E07553,2,2,SB,SB,1
E07559,2,2,SB,SB,1
E07573,2,2,SB,SB,1
E07591,2,2,SB,SB,1
E07620,2,2,SB,SB,1
E07627,2,2,SB,SB,1
E07638,2,2,SB,SB,1
E07640,2,2,SB,SB,1
E07653,2,2,SB,SB,1
E07656,2,2,SB,SB,1
E07661,2,2,SB,SB,1
E07665,2,2,SB,SB,1
E07678,2,2,SB,SB,1
E07680,2,2,SB,SB,1
E07697,2,2,SB,SB,1
E07700,2,2,SB,SB,1
E07710,2,2,SB,SB,1
E07720,2,2,SB,SB,1
E07726,2,2,SB,SB,1
E07736,2,2,SB,SB,1
E07738,2,2,SB,SB,1
E07756,2,2,SB,SB,1
E07763,2,2,SB,SB,1
E07764,2,2,SB,SB,1
E07765,2,2,SB,SB,1
E07779,2,3,SB,SR,0
E07785,2,2,SB,SB,1
E07786,2,2,SB,SB,1
E07795,2,2,SB,SB,1
E07801,2,2,SB,SB,1
E07805,2,2,SB,SB,1
E07815,2,2,SB,SB,1
E07816,2,2,SB,SB,1
E07819,2,2,SB,SB,1
E07820,2,2,SB,SB,1
E07824,2,2,SB,SB,1
E07833,2,2,SB,SB,1
E07844,2,2,SB,SB,1
E07851,2,2,SB,SB,1
E07854,2,2,SB,SB,1
E07855,2,2,SB,SB,1
E07858,2,2,SB,SB,1
E07867,2,2,SB,SB,1
E07868,2,2,SB,SB,1
E07874,2,2,SB,SB,1
E07891,2,2,SB,SB,1
E07895,2,2,SB,SB,1
E07924,2,2,SB,SB,1
E07933,2,2,SB,SB,1
E07946,2,2,SB,SB,1
E07948,2,2,SB,SB,1
E07950,2,2,SB,SB,1
E07961,2,2,SB,SB,1
E07970,2,2,SB,SB,1
E07973,2,2,SB,SB,1
E07991,2,2,SB,SB,1
E07992,2,2,SB,SB,1
E07994,2,2,SB,SB,1
E07998,2,2,SB,SB,1
E07999,2,2,SB,SB,1
E08007,2,2,SB,SB,1
E08020,2,2,SB,SB,1
E08022,2,2,SB,SB,1
E08038,2,2,SB,SB,1
E08057,2,2,SB,SB,1
E08059,2,2,SB,SB,1
E08060,2,2,SB,SB,1
E08063,2,2,SB,SB,1
E08064,2,2,SB,SB,1
E08070,2,2,SB,SB,1
E08076,2,2,SB,SB,1
E08077,2,2,SB,SB,1
E08081,2,2,SB,SB,1
E08094,2,2,SB,SB,1
E08096,2,2,SB,SB,1
E08098,2,2,SB,SB,1
E08100,2,2,SB,SB,1
E08101,2,2,SB,SB,1
E08104,2,2,SB,SB,1
E08107,2,2,SB,SB,1
E08112,2,2,SB,SB,1
E08117,2,2,SB,SB,1
E08118,2,2,SB,SB,1
E08122,2,2,SB,SB,1
E08124,2,2,SB,SB,1
E08136,2,2,SB,SB,1
E08138,2,2,SB,SB,1
E08140,2,2,SB,SB,1
E08145,2,2,SB,SB,1
E08153,2,2,SB,SB,1
E08158,2,2,SB,SB,1
E08161,2,2,SB,SB,1
E08163,2,2,SB,SB,1
E08169,2,2,SB,SB,1
E08176,2,2,SB,SB,1
E08178,2,2,SB,SB,1
E08187,2,2,SB,SB,1
E08188,2,2,SB,SB,1
E08191,2,2,SB,SB,1
E08193,2,2,SB,SB,1
E08200,2,2,SB,SB,1
E08201,2,2,SB,SB,1
E08205,2,2,SB,SB,1
E08217,2,2,SB,SB,1
E08221,2,2,SB,SB,1
E08231,2,2,SB,SB,1
E08236,2,2,SB,SB,1
E08239,2,2,SB,SB,1
E08245,2,2,SB,SB,1
E08246,2,2,SB,SB,1
E08249,2,2,SB,SB,1
E08251,2,2,SB,SB,1
E08254,2,2,SB,SB,1
E08256,2,2,SB,SB,1
E08259,2,2,SB,SB,1
E08270,2,2,SB,SB,1
E08271,2,2,SB,SB,1
E08274,2,2,SB,SB,1
E08275,2,2,SB,SB,1
E08281,2,2,SB,SB,1
E08283,2,2,SB,SB,1
E08294,2,2,SB,SB,1
E08300,2,2,SB,SB,1
E08302,2,2,SB,SB,1
E08304,2,2,SB,SB,1
E08306,2,2,SB,SB,1
E08307,2,2,SB,SB,1
E08308,2,2,SB,SB,1
E08311,2,2,SB,SB,1
E08314,2,2,SB,SB,1
E08322,2,2,SB,SB,1
E08324,2,2,SB,SB,1
E08336,2,2,SB,SB,1
E08338,2,2,SB,SB,1
E08339,2,3,SB,SR,0
E08347,2,2,SB,SB,1
E08348,2,2,SB,SB,1
E08355,2,2,SB,SB,1
E08359,2,2,SB,SB,1
E08366,2,2,SB,SB,1
E08373,2,2,SB,SB,1
E08377,2,2,SB,SB,1
E08378,2,2,SB,SB,1
E08379,2,2,SB,SB,1
E08382,2,2,SB,SB,1
E08388,2,2,SB,SB,1
E08390,2,2,SB,SB,1
E08391,2,2,SB,SB,1
E08394,2,2,SB,SB,1
E08395,2,2,SB,SB,1
E08396,2,2,SB,SB,1
E08404,2,2,SB,SB,1
E08409,2,2,SB,SB,1
E08412,2,2,SB,SB,1
E08413,2,2,SB,SB,1
E08414,2,2,SB,SB,1
E08422,2,2,SB,SB,1
E08427,2,2,SB,SB,1
E08429,2,2,SB,SB,1
E08431,2,2,SB,SB,1
E08435,2,2,SB,SB,1
E08440,2,2,SB,SB,1
E08447,2,2,SB,SB,1
E08448,2,2,SB,SB,1
E08450,2,2,SB,SB,1
E08452,2,2,SB,SB,1
E08454,2,2,SB,SB,1
E08456,2,2,SB,SB,1
E08460,2,2,SB,SB,1
E08464,2,2,SB,SB,1
E08467,2,2,SB,SB,1
E08472,2,2,SB,SB,1
E08476,2,2,SB,SB,1
E08477,2,2,SB,SB,1
E08478,2,3,SB,SR,0
E08479,2,2,SB,SB,1
E08481,2,2,SB,SB,1
E08486,2,2,SB,SB,1
E08490,2,2,SB,SB,1
E08492,2,2,SB,SB,1
E08493,2,2,SB,SB,1
E08494,2,2,SB,SB,1
E08503,2,2,SB,SB,1
E08506,2,2,SB,SB,1
E08517,2,2,SB,SB,1
E08533,2,2,SB,SB,1
E08534,2,2,SB,SB,1
E08540,2,2,SB,SB,1
E08542,2,2,SB,SB,1
E08543,2,2,SB,SB,1
E08545,2,2,SB,SB,1
E08548,2,2,SB,SB,1
E08550,2,2,SB,SB,1
E08558,2,2,SB,SB,1
E08562,2,2,SB,SB,1
E08577,2,2,SB,SB,1
E08584,2,2,SB,SB,1
E08585,2,2,SB,SB,1
E08591,2,2,SB,SB,1
E08594,2,2,SB,SB,1
E08596,2,2,SB,SB,1
E08599,2,2,SB,SB,1
E08602,2,2,SB,SB,1
E08604,2,3,SB,SR,0
E08608,2,2,SB,SB,1
E08609,2,2,SB,SB,1
E08614,2,2,SB,SB,1
E08617,2,2,SB,SB,1
E08618,2,2,SB,SB,1
E08623,2,2,SB,SB,1
E08624,2,2,SB,SB,1
E08627,2,2,SB,SB,1
E08632,2,2,SB,SB,1
E08635,2,2,SB,SB,1
E08644,2,2,SB,SB,1
E08646,2,2,SB,SB,1
E08655,2,2,SB,SB,1
E08657,2,2,SB,SB,1
E08658,2,2,SB,SB,1
E08661,2,2,SB,SB,1
E08663,2,2,SB,SB,1
E08671,2,2,SB,SB,1
E08678,2,2,SB,SB,1
E08679,2,2,SB,SB,1
E08690,2,2,SB,SB,1
E08698,2,2,SB,SB,1
E08700,2,2,SB,SB,1
E08704,2,2,SB,SB,1
E08708,2,2,SB,SB,1
E08711,2,2,SB,SB,1
E08716,2,2,SB,SB,1
E08723,2,2,SB,SB,1
E08725,2,2,SB,SB,1
E08728,2,2,SB,SB,1
E08735,2,2,SB,SB,1
E08737,2,2,SB,SB,1
E08743,2,2,SB,SB,1
E08744,2,2,SB,SB,1
E08749,2,2,SB,SB,1
E08750,2,2,SB,SB,1
E08756,2,2,SB,SB,1
E08759,2,2,SB,SB,1
E08764,2,2,SB,SB,1
E08772,2,2,SB,SB,1
E08778,2,2,SB,SB,1
E08779,2,2,SB,SB,1
E08790,2,2,SB,SB,1
E08791,2,2,SB,SB,1
E08792,2,2,SB,SB,1
E08797,2,2,SB,SB,1
E08799,2,2,SB,SB,1
E08800,2,2,SB,SB,1
E08803,2,2,SB,SB,1
E08805,2,2,SB,SB,1
E08806,2,2,SB,SB,1
E08807,2,2,SB,SB,1
E08811,2,2,SB,SB,1
E08815,2,2,SB,SB,1
E08816,2,2,SB,SB,1
E08818,2,2,SB,SB,1
E08822,2,2,SB,SB,1
E08825,2,2,SB,SB,1
E08826,2,2,SB,SB,1
E08828,2,2,SB,SB,1
E08830,2,2,SB,SB,1
E08832,2,2,SB,SB,1
E08835,2,2,SB,SB,1
E08839,2,2,SB,SB,1
E08842,2,2,SB,SB,1
E08853,2,2,SB,SB,1
E08856,2,2,SB,SB,1
E08858,2,2,SB,SB,1
E08862,2,2,SB,SB,1
E08864,2,2,SB,SB,1
E08871,2,2,SB,SB,1
E08873,2,2,SB,SB,1
E08875,2,2,SB,SB,1
E08883,2,2,SB,SB,1
E08886,2,2,SB,SB,1
E08887,2,2,SB,SB,1
E08890,2,2,SB,SB,1
E08901,2,2,SB,SB,1
E08913,2,2,SB,SB,1
E08922,2,2,SB,SB,1
E08925,2,2,SB,SB,1
E08927,2,2,SB,SB,1
E08933,2,2,SB,SB,1
E08940,2,2,SB,SB,1
E08942,2,2,SB,SB,1
E08943,2,2,SB,SB,1
E08947,2,2,SB,SB,1
E08951,2,2,SB,SB,1
E08955,2,2,SB,SB,1
E08962,2,2,SB,SB,1
E08965,2,2,SB,SB,1
E08969,2,2,SB,SB,1
E08970,2,2,SB,SB,1
E08976,2,2,SB,SB,1
E08978,2,2,SB,SB,1
E08979,2,2,SB,SB,1
E08985,2,2,SB,SB,1
E08995,2,2,SB,SB,1
E08996,2,2,SB,SB,1
E09000,2,2,SB,SB,1
E09010,2,2,SB,SB,1
E09014,2,2,SB,SB,1
E09017,2,2,SB,SB,1
E09030,2,2,SB,SB,1
E09032,2,2,SB,SB,1
E09033,2,2,SB,SB,1
E09037,2,2,SB,SB,1
E09045,2,2,SB,SB,1
E09047,2,2,SB,SB,1
E09048,2,2,SB,SB,1
E09051,2,2,SB,SB,1
E09061,2,2,SB,SB,1
E09066,2,2,SB,SB,1
E09067,2,2,SB,SB,1
E09068,2,2,SB,SB,1
E09072,2,2,SB,SB,1
E09073,2,2,SB,SB,1
E09086,2,2,SB,SB,1
E09088,2,2,SB,SB,1
E09095,2,2,SB,SB,1
E09096,2,2,SB,SB,1
E09098,2,2,SB,SB,1
E09100,2,2,SB,SB,1
E09107,2,2,SB,SB,1
E09113,2,2,SB,SB,1
E09120,2,2,SB,SB,1
E09138,2,2,SB,SB,1
E09142,2,2,SB,SB,1
E09144,2,2,SB,SB,1
E09146,2,2,SB,SB,1
E09147,2,2,SB,SB,1
E09153,2,2,SB,SB,1
E09154,2,2,SB,SB,1
E09155,2,2,SB,SB,1
E09156,2,2,SB,SB,1
E09160,2,2,SB,SB,1
E09161,2,2,SB,SB,1
E09167,2,2,SB,SB,1
E09169,2,2,SB,SB,1
E09177,2,2,SB,SB,1
E09185,2,2,SB,SB,1
E09187,2,2,SB,SB,1
E09191,2,2,SB,SB,1
E09198,2,2,SB,SB,1
E09199,2,2,SB,SB,1
E09200,2,2,SB,SB,1
E09207,2,2,SB,SB,1
E09211,2,2,SB,SB,1
E09216,2,2,SB,SB,1
E09227,2,2,SB,SB,1
E09241,2,2,SB,SB,1
E09242,2,2,SB,SB,1
E09246,2,2,SB,SB,1
E09250,2,2,SB,SB,1
E09266,2,2,SB,SB,1
E09268,2,2,SB,SB,1
E09269,2,2,SB,SB,1
E09270,2,2,SB,SB,1
E09278,2,2,SB,SB,1
E09283,2,2,SB,SB,1
E09294,2,2,SB,SB,1
E09315,2,2,SB,SB,1
E09320,2,2,SB,SB,1
E09323,2,2,SB,SB,1
E09328,2,2,SB,SB,1
E09340,2,2,SB,SB,1
E09345,2,2,SB,SB,1
E09364,2,2,SB,SB,1
E09375,2,2,SB,SB,1
E09377,2,2,SB,SB,1
E09383,2,2,SB,SB,1
E09397,2,2,SB,SB,1
E09407,2,2,SB,SB,1
E09412,2,2,SB,SB,1
E09413,2,2,SB,SB,1
E09414,2,2,SB,SB,1
E09415,2,2,SB,SB,1
E09418,2,2,SB,SB,1
E09419,2,2,SB,SB,1
E09427,2,2,SB,SB,1
E09439,2,2,SB,SB,1
E09453,2,2,SB,SB,1
E09466,2,2,SB,SB,1
E09467,2,2,SB,SB,1
E09471,2,2,SB,SB,1
E09472,2,2,SB,SB,1
E09474,2,2,SB,SB,1
E09481,2,2,SB,SB,1
E09484,2,2,SB,SB,1
E09488,2,2,SB,SB,1
E09489,2,2,SB,SB,1
E09495,2,2,SB,SB,1
E09497,2,2,SB,SB,1
E09502,2,2,SB,SB,1
E09505,2,2,SB,SB,1
E09506,2,2,SB,SB,1
E09552,2,2,SB,SB,1
E09587,2,2,SB,SB,1
E09595,2,2,SB,SB,1
E09600,2,2,SB,SB,1
E09601,2,2,SB,SB,1
E09607,2,2,SB,SB,1
E09623,2,2,SB,SB,1
E09629,2,2,SB,SB,1
E09630,2,2,SB,SB,1
E09633,2,2,SB,SB,1
E09635,2,2,SB,SB,1
E09638,2,2,SB,SB,1
E09642,2,2,SB,SB,1
E09649,2,2,SB,SB,1
E09654,2,2,SB,SB,1
E09659,2,2,SB,SB,1
E09662,2,2,SB,SB,1
E09664,2,2,SB,SB,1
E09667,2,2,SB,SB,1
E09673,2,2,SB,SB,1
E09675,2,2,SB,SB,1
E09676,2,2,SB,SB,1
E09679,2,2,SB,SB,1
E09680,2,2,SB,SB,1
E09681,2,2,SB,SB,1
E09685,2,2,SB,SB,1
E09688,2,2,SB,SB,1
E09689,2,2,SB,SB,1
E09700,2,2,SB,SB,1
E09709,2,2,SB,SB,1
E09731,2,2,SB,SB,1
E09732,2,3,SB,SR,0
E09740,2,2,SB,SB,1
E09743,2,2,SB,SB,1
E09759,2,2,SB,SB,1
E09765,2,2,SB,SB,1
E09771,2,2,SB,SB,1
E09774,2,2,SB,SB,1
E09778,2,2,SB,SB,1
E09785,2,2,SB,SB,1
E09791,2,2,SB,SB,1
E09797,2,2,SB,SB,1
E09803,2,2,SB,SB,1
E09816,2,2,SB,SB,1
E09828,2,2,SB,SB,1
E09834,2,2,SB,SB,1
E09839,2,2,SB,SB,1
E09842,2,2,SB,SB,1
E09852,2,2,SB,SB,1
E09858,2,2,SB,SB,1
E09871,2,2,SB,SB,1
E09875,2,2,SB,SB,1
E09877,2,2,SB,SB,1
E09883,2,2,SB,SB,1
E09888,2,2,SB,SB,1
E09889,2,2,SB,SB,1
E09890,2,2,SB,SB,1
E09910,2,2,SB,SB,1
E09913,2,2,SB,SB,1
E09915,2,2,SB,SB,1
E09916,2,2,SB,SB,1
E09917,2,2,SB,SB,1
E09922,2,2,SB,SB,1
E09928,2,2,SB,SB,1
E09938,2,2,SB,SB,1
E09940,2,2,SB,SB,1
E09942,2,2,SB,SB,1
E09944,2,2,SB,SB,1
E09949,2,2,SB,SB,1
E09956,2,2,SB,SB,1
E09962,2,2,SB,SB,1
E09964,2,2,SB,SB,1
E09968,2,2,SB,SB,1
E09971,2,2,SB,SB,1
E09977,2,2,SB,SB,1
E09987,2,2,SB,SB,1
E09990,2,2,SB,SB,1
E10003,2,2,SB,SB,1
E10011,2,2,SB,SB,1
E10012,2,2,SB,SB,1
E10024,2,2,SB,SB,1
E10025,2,2,SB,SB,1
E10030,2,2,SB,SB,1
E10036,2,2,SB,SB,1
E10038,2,2,SB,SB,1
E10040,2,2,SB,SB,1
E10052,2,2,SB,SB,1
E10056,2,2,SB,SB,1
E10059,2,2,SB,SB,1
E10062,2,2,SB,SB,1
E10076,2,2,SB,SB,1
E10077,2,2,SB,SB,1
E10081,2,2,SB,SB,1
E10084,2,2,SB,SB,1
E10106,2,2,SB,SB,1
E10111,2,2,SB,SB,1
E10112,2,2,SB,SB,1
E10114,2,2,SB,SB,1
E10116,2,2,SB,SB,1
E10141,2,2,SB,SB,1
E10151,2,2,SB,SB,1
E10154,2,2,SB,SB,1
E10161,2,2,SB,SB,1
E10188,2,2,SB,SB,1
E10194,2,2,SB,SB,1
E10216,2,2,SB,SB,1
E10225,2,2,SB,SB,1
E10228,2,2,SB,SB,1
E10232,2,2,SB,SB,1
E10235,2,2,SB,SB,1
E10238,2,0,SB,AFIB,0
E10240,2,2,SB,SB,1
E10244,2,0,SB,AFIB,0
E10245,2,2,SB,SB,1
E10248,2,2,SB,SB,1
E10249,2,2,SB,SB,1
E10259,2,2,SB,SB,1
E10267,2,2,SB,SB,1
E10281,2,2,SB,SB,1
E10286,2,2,SB,SB,1
E10294,2,2,SB,SB,1
E10295,2,2,SB,SB,1
E10299,2,2,SB,SB,1
E10304,2,2,SB,SB,1
E10306,2,2,SB,SB,1
E10311,2,2,SB,SB,1
E10317,2,2,SB,SB,1
E10318,2,1,SB,GSVT,0
E10327,2,2,SB,SB,1
E10334,2,2,SB,SB,1
E10338,2,2,SB,SB,1
E10340,2,2,SB,SB,1
E10341,2,2,SB,SB,1
E10343,2,2,SB,SB,1
E00001,3,3,SR,SR,1
E00002,3,3,SR,SR,1
E00003,3,3,SR,SR,1
E00021,3,3,SR,SR,1
E00037,3,3,SR,SR,1
E00039,3,3,SR,SR,1
E00046,3,2,SR,SB,0
E00049,3,3,SR,SR,1
E00062,3,3,SR,SR,1
E00064,3,3,SR,SR,1
E00081,3,0,SR,AFIB,0
E00082,3,3,SR,SR,1
E00107,3,3,SR,SR,1
E00118,3,3,SR,SR,1
E00125,3,3,SR,SR,1
E00136,3,3,SR,SR,1
E00156,3,3,SR,SR,1
E00158,3,3,SR,SR,1
E00159,3,3,SR,SR,1
E00166,3,3,SR,SR,1
E00169,3,3,SR,SR,1
E00175,3,0,SR,AFIB,0
E00176,3,3,SR,SR,1
E00198,3,3,SR,SR,1
E00222,3,3,SR,SR,1
E00227,3,3,SR,SR,1
E00233,3,3,SR,SR,1
E00235,3,3,SR,SR,1
E00237,3,3,SR,SR,1
E00240,3,3,SR,SR,1
E00244,3,3,SR,SR,1
E00249,3,3,SR,SR,1
E00253,3,3,SR,SR,1
E00254,3,3,SR,SR,1
E00257,3,3,SR,SR,1
E00258,3,3,SR,SR,1
E00261,3,3,SR,SR,1
E00262,3,3,SR,SR,1
E00267,3,3,SR,SR,1
E00269,3,3,SR,SR,1
E00273,3,3,SR,SR,1
E00274,3,3,SR,SR,1
E00275,3,3,SR,SR,1
E00278,3,3,SR,SR,1
E00280,3,3,SR,SR,1
E00283,3,3,SR,SR,1
E00286,3,3,SR,SR,1
E00290,3,3,SR,SR,1
E00292,3,3,SR,SR,1
E00293,3,3,SR,SR,1
E00294,3,3,SR,SR,1
E00296,3,3,SR,SR,1
E00304,3,3,SR,SR,1
E00308,3,3,SR,SR,1
E00310,3,3,SR,SR,1
E00313,3,3,SR,SR,1
E00314,3,3,SR,SR,1
E00315,3,3,SR,SR,1
E00316,3,3,SR,SR,1
E00318,3,3,SR,SR,1
E00320,3,3,SR,SR,1
E00323,3,3,SR,SR,1
E00329,3,3,SR,SR,1
E00331,3,3,SR,SR,1
E00335,3,3,SR,SR,1
E00337,3,3,SR,SR,1
E00338,3,3,SR,SR,1
E00340,3,3,SR,SR,1
E00341,3,3,SR,SR,1
E00343,3,3,SR,SR,1
E00345,3,3,SR,SR,1
E00349,3,3,SR,SR,1
E00351,3,3,SR,SR,1
E00353,3,3,SR,SR,1
E00357,3,3,SR,SR,1
E00359,3,3,SR,SR,1
E00365,3,3,SR,SR,1
E00369,3,3,SR,SR,1
E00375,3,3,SR,SR,1
E00377,3,3,SR,SR,1
E00378,3,3,SR,SR,1
E00380,3,3,SR,SR,1
E00386,3,3,SR,SR,1
E00387,3,3,SR,SR,1
E00388,3,3,SR,SR,1
E00393,3,3,SR,SR,1
E00396,3,3,SR,SR,1
E00401,3,3,SR,SR,1
E00402,3,3,SR,SR,1
E00416,3,3,SR,SR,1
E00418,3,3,SR,SR,1
E00421,3,3,SR,SR,1
E00423,3,3,SR,SR,1
E00424,3,3,SR,SR,1
E00430,3,3,SR,SR,1
E00440,3,3,SR,SR,1
E00441,3,3,SR,SR,1
E00445,3,3,SR,SR,1
E00448,3,3,SR,SR,1
E00450,3,3,SR,SR,1
E00459,3,0,SR,AFIB,0
E00463,3,3,SR,SR,1
E00464,3,3,SR,SR,1
E00466,3,3,SR,SR,1
E00467,3,3,SR,SR,1
E00469,3,3,SR,SR,1
E00470,3,3,SR,SR,1
E00471,3,3,SR,SR,1
E00475,3,0,SR,AFIB,0
E00483,3,3,SR,SR,1
E00491,3,3,SR,SR,1
E00501,3,3,SR,SR,1
E00528,3,3,SR,SR,1
E00531,3,3,SR,SR,1
E00533,3,3,SR,SR,1
E00534,3,3,SR,SR,1
E00542,3,3,SR,SR,1
E00543,3,3,SR,SR,1
E00545,3,3,SR,SR,1
E00550,3,3,SR,SR,1
E00558,3,3,SR,SR,1
E00567,3,3,SR,SR,1
E00570,3,3,SR,SR,1
E00575,3,3,SR,SR,1
E00592,3,3,SR,SR,1
E00595,3,3,SR,SR,1
E00665,3,3,SR,SR,1
E00673,3,3,SR,SR,1
E00674,3,3,SR,SR,1
E00679,3,2,SR,SB,0
E00697,3,3,SR,SR,1
E00698,3,3,SR,SR,1
E00699,3,3,SR,SR,1
E00701,3,3,SR,SR,1
E00736,3,3,SR,SR,1
E00737,3,3,SR,SR,1
E00747,3,3,SR,SR,1
E00750,3,3,SR,SR,1
E00751,3,3,SR,SR,1
E00754,3,3,SR,SR,1
E00755,3,3,SR,SR,1
E00764,3,3,SR,SR,1
E00765,3,3,SR,SR,1
E00769,3,3,SR,SR,1
E00770,3,3,SR,SR,1
E00771,3,3,SR,SR,1
E00773,3,3,SR,SR,1
E00775,3,3,SR,SR,1
E00779,3,3,SR,SR,1
E00780,3,3,SR,SR,1
E00781,3,3,SR,SR,1
E00788,3,3,SR,SR,1
E00795,3,3,SR,SR,1
E00798,3,3,SR,SR,1
E00802,3,3,SR,SR,1
E00805,3,3,SR,SR,1
E00807,3,3,SR,SR,1
E00820,3,3,SR,SR,1
E00823,3,3,SR,SR,1
E00825,3,1,SR,GSVT,0
E00827,3,3,SR,SR,1
E00833,3,3,SR,SR,1
E00834,3,3,SR,SR,1
E00835,3,3,SR,SR,1
E00838,3,3,SR,SR,1
E00841,3,3,SR,SR,1
E00845,3,3,SR,SR,1
E00851,3,3,SR,SR,1
E00856,3,3,SR,SR,1
E00860,3,3,SR,SR,1
E00861,3,3,SR,SR,1
E00862,3,3,SR,SR,1
E00867,3,3,SR,SR,1
E00868,3,3,SR,SR,1
E00869,3,3,SR,SR,1
E00870,3,3,SR,SR,1
E00872,3,3,SR,SR,1
E00874,3,3,SR,SR,1
E00878,3,3,SR,SR,1
E00879,3,3,SR,SR,1
E00880,3,3,SR,SR,1
E00882,3,2,SR,SB,0
E00883,3,3,SR,SR,1
E00887,3,3,SR,SR,1
E00889,3,2,SR,SB,0
E00890,3,3,SR,SR,1
E00893,3,3,SR,SR,1
E00895,3,3,SR,SR,1
E00905,3,3,SR,SR,1
E00906,3,3,SR,SR,1
E00909,3,3,SR,SR,1
E00912,3,3,SR,SR,1
E00913,3,3,SR,SR,1
E00914,3,3,SR,SR,1
E00917,3,3,SR,SR,1
E00918,3,3,SR,SR,1
E00921,3,3,SR,SR,1
E00927,3,3,SR,SR,1
E00930,3,3,SR,SR,1
E00931,3,3,SR,SR,1
E00933,3,3,SR,SR,1
E00942,3,3,SR,SR,1
E00947,3,3,SR,SR,1
E00948,3,3,SR,SR,1
E00953,3,3,SR,SR,1
E00955,3,3,SR,SR,1
E00958,3,3,SR,SR,1
E00961,3,3,SR,SR,1
E00962,3,3,SR,SR,1
E00967,3,3,SR,SR,1
E00969,3,3,SR,SR,1
E00977,3,3,SR,SR,1
E00979,3,1,SR,GSVT,0
E00981,3,3,SR,SR,1
E00984,3,2,SR,SB,0
E00986,3,3,SR,SR,1
E00989,3,3,SR,SR,1
E00991,3,3,SR,SR,1
E00997,3,3,SR,SR,1
E00998,3,3,SR,SR,1
E00999,3,3,SR,SR,1
E01000,3,3,SR,SR,1
E01001,3,3,SR,SR,1
E01003,3,3,SR,SR,1
E01004,3,3,SR,SR,1
E01009,3,3,SR,SR,1
E01010,3,3,SR,SR,1
E01018,3,3,SR,SR,1
E01022,3,3,SR,SR,1
E01023,3,3,SR,SR,1
E01025,3,3,SR,SR,1
E01029,3,3,SR,SR,1
E01033,3,3,SR,SR,1
E01037,3,2,SR,SB,0
E01039,3,3,SR,SR,1
E01042,3,3,SR,SR,1
E01045,3,3,SR,SR,1
E01053,3,3,SR,SR,1
E01055,3,3,SR,SR,1
E01060,3,3,SR,SR,1
E01062,3,3,SR,SR,1
E01064,3,3,SR,SR,1
E01065,3,3,SR,SR,1
E01068,3,2,SR,SB,0
E01070,3,3,SR,SR,1
E01071,3,3,SR,SR,1
E01072,3,2,SR,SB,0
E01073,3,3,SR,SR,1
E01080,3,3,SR,SR,1
E01081,3,3,SR,SR,1
E01082,3,3,SR,SR,1
E01091,3,3,SR,SR,1
E01101,3,3,SR,SR,1
E01103,3,3,SR,SR,1
E01112,3,3,SR,SR,1
E01116,3,3,SR,SR,1
E01117,3,0,SR,AFIB,0
E01119,3,3,SR,SR,1
E01125,3,3,SR,SR,1
E01126,3,3,SR,SR,1
E01141,3,3,SR,SR,1
E01142,3,3,SR,SR,1
E01150,3,3,SR,SR,1
E01151,3,3,SR,SR,1
E01154,3,0,SR,AFIB,0
E01156,3,3,SR,SR,1
E01157,3,3,SR,SR,1
E01161,3,3,SR,SR,1
E01168,3,1,SR,GSVT,0
E01175,3,3,SR,SR,1
E01190,3,3,SR,SR,1
E01191,3,3,SR,SR,1
E01196,3,3,SR,SR,1
E01197,3,3,SR,SR,1
E01199,3,3,SR,SR,1
E01210,3,3,SR,SR,1
E01221,3,3,SR,SR,1
E01222,3,3,SR,SR,1
E01226,3,3,SR,SR,1
E01227,3,3,SR,SR,1
E01230,3,3,SR,SR,1
E01232,3,3,SR,SR,1
E01235,3,0,SR,AFIB,0
E01240,3,3,SR,SR,1
E01258,3,3,SR,SR,1
E01263,3,3,SR,SR,1
E01281,3,3,SR,SR,1
E01284,3,2,SR,SB,0
E01293,3,3,SR,SR,1
E01296,3,3,SR,SR,1
E01304,3,3,SR,SR,1
E01314,3,3,SR,SR,1
E01335,3,3,SR,SR,1
E01342,3,3,SR,SR,1
E01343,3,3,SR,SR,1
E01348,3,3,SR,SR,1
E01355,3,1,SR,GSVT,0
E01372,3,3,SR,SR,1
E01373,3,3,SR,SR,1
E01375,3,3,SR,SR,1
E01376,3,3,SR,SR,1
E01385,3,3,SR,SR,1
E01389,3,3,SR,SR,1
E01391,3,3,SR,SR,1
E01392,3,3,SR,SR,1
E01407,3,3,SR,SR,1
E01410,3,3,SR,SR,1
E01412,3,3,SR,SR,1
E01413,3,3,SR,SR,1
E01422,3,3,SR,SR,1
E01429,3,3,SR,SR,1
E01439,3,3,SR,SR,1
E01440,3,3,SR,SR,1
E01449,3,3,SR,SR,1
E01456,3,3,SR,SR,1
E01457,3,3,SR,SR,1
E01458,3,3,SR,SR,1
E01459,3,3,SR,SR,1
E01460,3,3,SR,SR,1
E01461,3,3,SR,SR,1
E01468,3,3,SR,SR,1
E01469,3,3,SR,SR,1
E01471,3,3,SR,SR,1
E01474,3,3,SR,SR,1
E01479,3,3,SR,SR,1
E01483,3,3,SR,SR,1
E01484,3,3,SR,SR,1
E01485,3,3,SR,SR,1
E01506,3,3,SR,SR,1
E01518,3,3,SR,SR,1
E01523,3,3,SR,SR,1
E01524,3,3,SR,SR,1
E01525,3,3,SR,SR,1
E01527,3,1,SR,GSVT,0
E01531,3,3,SR,SR,1
E01561,3,3,SR,SR,1
E01562,3,3,SR,SR,1
E01563,3,3,SR,SR,1
E01565,3,1,SR,GSVT,0
E01567,3,0,SR,AFIB,0
E01574,3,3,SR,SR,1
E01592,3,1,SR,GSVT,0
E01602,3,3,SR,SR,1
E01608,3,3,SR,SR,1
E01610,3,3,SR,SR,1
E01617,3,3,SR,SR,1
E01627,3,3,SR,SR,1
E01637,3,3,SR,SR,1
E01641,3,3,SR,SR,1
E01642,3,3,SR,SR,1
E01656,3,3,SR,SR,1
E01658,3,3,SR,SR,1
E01660,3,3,SR,SR,1
E01664,3,3,SR,SR,1
E01672,3,3,SR,SR,1
E01675,3,3,SR,SR,1
E01677,3,3,SR,SR,1
E01687,3,3,SR,SR,1
E01696,3,3,SR,SR,1
E01711,3,3,SR,SR,1
E01723,3,3,SR,SR,1
E01730,3,3,SR,SR,1
E01737,3,3,SR,SR,1
E01744,3,3,SR,SR,1
E01748,3,1,SR,GSVT,0
E01749,3,2,SR,SB,0
E01751,3,3,SR,SR,1
E01761,3,3,SR,SR,1
E01763,3,3,SR,SR,1
E01766,3,3,SR,SR,1
E01773,3,3,SR,SR,1
E01777,3,3,SR,SR,1
E01792,3,3,SR,SR,1
E01799,3,3,SR,SR,1
E01802,3,2,SR,SB,0
E01805,3,3,SR,SR,1
E01829,3,3,SR,SR,1
E01830,3,3,SR,SR,1
E01839,3,3,SR,SR,1
E01842,3,3,SR,SR,1
E01846,3,3,SR,SR,1
E01847,3,3,SR,SR,1
E01851,3,3,SR,SR,1
E01861,3,3,SR,SR,1
E01873,3,3,SR,SR,1
E01883,3,3,SR,SR,1
E01884,3,3,SR,SR,1
E01888,3,3,SR,SR,1
E01890,3,3,SR,SR,1
E01892,3,3,SR,SR,1
E01893,3,3,SR,SR,1
E01894,3,0,SR,AFIB,0
E01902,3,3,SR,SR,1
E01903,3,3,SR,SR,1
E01917,3,3,SR,SR,1
E01920,3,3,SR,SR,1
E01926,3,3,SR,SR,1
E01933,3,3,SR,SR,1
E01935,3,3,SR,SR,1
E01936,3,0,SR,AFIB,0
E01937,3,3,SR,SR,1
E01943,3,3,SR,SR,1
E01945,3,3,SR,SR,1
E01946,3,3,SR,SR,1
E01947,3,3,SR,SR,1
E01951,3,3,SR,SR,1
E01980,3,0,SR,AFIB,0
E01983,3,3,SR,SR,1
E01987,3,3,SR,SR,1
E01991,3,3,SR,SR,1
E01999,3,3,SR,SR,1
E02013,3,3,SR,SR,1
E02015,3,3,SR,SR,1
E02017,3,3,SR,SR,1
E02035,3,3,SR,SR,1
E02038,3,3,SR,SR,1
E02042,3,3,SR,SR,1
E02049,3,3,SR,SR,1
E02051,3,3,SR,SR,1
E02055,3,3,SR,SR,1
E02069,3,1,SR,GSVT,0
E02070,3,3,SR,SR,1
E02087,3,3,SR,SR,1
E02088,3,3,SR,SR,1
E02092,3,1,SR,GSVT,0
E02098,3,3,SR,SR,1
E02099,3,3,SR,SR,1
E02102,3,3,SR,SR,1
E02110,3,3,SR,SR,1
E02113,3,3,SR,SR,1
E02121,3,1,SR,GSVT,0
E02127,3,3,SR,SR,1
E02130,3,3,SR,SR,1
E02141,3,3,SR,SR,1
E02151,3,3,SR,SR,1
E02153,3,3,SR,SR,1
E02154,3,3,SR,SR,1
E02155,3,3,SR,SR,1
E02157,3,3,SR,SR,1
E02158,3,2,SR,SB,0
E02159,3,3,SR,SR,1
E02188,3,3,SR,SR,1
E02207,3,0,SR,AFIB,0
E02220,3,3,SR,SR,1
E02229,3,1,SR,GSVT,0
E02230,3,3,SR,SR,1
E02233,3,3,SR,SR,1
E02240,3,3,SR,SR,1
E02241,3,3,SR,SR,1
E02244,3,2,SR,SB,0
E02249,3,3,SR,SR,1
E02253,3,3,SR,SR,1
E02264,3,3,SR,SR,1
E02270,3,3,SR,SR,1
E02281,3,3,SR,SR,1
E02286,3,3,SR,SR,1
E02291,3,0,SR,AFIB,0
E02292,3,3,SR,SR,1
E02307,3,3,SR,SR,1
E02308,3,3,SR,SR,1
E02319,3,3,SR,SR,1
E02324,3,3,SR,SR,1
E02347,3,3,SR,SR,1
E02348,3,3,SR,SR,1
E02370,3,3,SR,SR,1
E02371,3,1,SR,GSVT,0
E02375,3,3,SR,SR,1
E02379,3,3,SR,SR,1
E02381,3,3,SR,SR,1
E02382,3,3,SR,SR,1
E02384,3,3,SR,SR,1
E02391,3,3,SR,SR,1
E02396,3,3,SR,SR,1
E02399,3,3,SR,SR,1
E02400,3,3,SR,SR,1
E02406,3,3,SR,SR,1
E02407,3,1,SR,GSVT,0
E02417,3,3,SR,SR,1
E02418,3,3,SR,SR,1
E02421,3,3,SR,SR,1
E02429,3,3,SR,SR,1
E02437,3,3,SR,SR,1
E02439,3,3,SR,SR,1
E02446,3,3,SR,SR,1
E02449,3,3,SR,SR,1
E02465,3,3,SR,SR,1
E02476,3,0,SR,AFIB,0
E02478,3,3,SR,SR,1
E02479,3,1,SR,GSVT,0
E02481,3,3,SR,SR,1
E02492,3,0,SR,AFIB,0
E02502,3,3,SR,SR,1
E02505,3,3,SR,SR,1
E02507,3,3,SR,SR,1
E02509,3,0,SR,AFIB,0
E02510,3,1,SR,GSVT,0
E02511,3,3,SR,SR,1
E02514,3,3,SR,SR,1
E02515,3,3,SR,SR,1
E02518,3,3,SR,SR,1
E02519,3,3,SR,SR,1
E02526,3,3,SR,SR,1
E02552,3,3,SR,SR,1
E02554,3,0,SR,AFIB,0
E02556,3,3,SR,SR,1
E02560,3,2,SR,SB,0
E02562,3,3,SR,SR,1
E02565,3,3,SR,SR,1
E02566,3,3,SR,SR,1
E02572,3,3,SR,SR,1
E02584,3,3,SR,SR,1
E02585,3,3,SR,SR,1
E02586,3,3,SR,SR,1
E02592,3,3,SR,SR,1
E02602,3,3,SR,SR,1
E02605,3,3,SR,SR,1
E02609,3,3,SR,SR,1
E02612,3,3,SR,SR,1
E02615,3,3,SR,SR,1
E02620,3,1,SR,GSVT,0
E02634,3,3,SR,SR,1
E02640,3,0,SR,AFIB,0
E02648,3,3,SR,SR,1
E02650,3,3,SR,SR,1
E02651,3,3,SR,SR,1
E02670,3,3,SR,SR,1
E02677,3,3,SR,SR,1
E02678,3,3,SR,SR,1
E02695,3,3,SR,SR,1
E02696,3,3,SR,SR,1
E02697,3,3,SR,SR,1
E02700,3,3,SR,SR,1
E02720,3,3,SR,SR,1
E02733,3,2,SR,SB,0
E02741,3,3,SR,SR,1
E02744,3,3,SR,SR,1
E02756,3,3,SR,SR,1
E02759,3,3,SR,SR,1
E02761,3,3,SR,SR,1
E02772,3,3,SR,SR,1
E02787,3,3,SR,SR,1
E02808,3,3,SR,SR,1
E02818,3,3,SR,SR,1
E02819,3,3,SR,SR,1
E02825,3,3,SR,SR,1
E02827,3,3,SR,SR,1
E02828,3,3,SR,SR,1
E02835,3,3,SR,SR,1
E02837,3,3,SR,SR,1
E02838,3,3,SR,SR,1
E02867,3,3,SR,SR,1
E02890,3,3,SR,SR,1
E02891,3,3,SR,SR,1
E02894,3,3,SR,SR,1
E02896,3,1,SR,GSVT,0
E02921,3,3,SR,SR,1
E02944,3,3,SR,SR,1
E02945,3,3,SR,SR,1
E02951,3,3,SR,SR,1
E02957,3,3,SR,SR,1
E02963,3,3,SR,SR,1
E02990,3,3,SR,SR,1
E03005,3,3,SR,SR,1
E03009,3,3,SR,SR,1
E03013,3,3,SR,SR,1
E03017,3,3,SR,SR,1
E03019,3,3,SR,SR,1
E03020,3,3,SR,SR,1
E03022,3,3,SR,SR,1
E03024,3,3,SR,SR,1
E03032,3,3,SR,SR,1
E03033,3,3,SR,SR,1
E03044,3,3,SR,SR,1
E03045,3,3,SR,SR,1
E03047,3,3,SR,SR,1
E03051,3,3,SR,SR,1
E03055,3,3,SR,SR,1
E03056,3,3,SR,SR,1
E03065,3,3,SR,SR,1
E03070,3,3,SR,SR,1
E03071,3,3,SR,SR,1
E03077,3,3,SR,SR,1
E03091,3,3,SR,SR,1
E03092,3,1,SR,GSVT,0
E03095,3,3,SR,SR,1
E03103,3,3,SR,SR,1
E03104,3,3,SR,SR,1
E03105,3,3,SR,SR,1
E03109,3,3,SR,SR,1
E03111,3,3,SR,SR,1
E03112,3,3,SR,SR,1
E03115,3,3,SR,SR,1
E03125,3,3,SR,SR,1
E03126,3,1,SR,GSVT,0
E03135,3,3,SR,SR,1
E03142,3,3,SR,SR,1
E03146,3,3,SR,SR,1
E03163,3,3,SR,SR,1
E03173,3,3,SR,SR,1
E03176,3,3,SR,SR,1
E03186,3,3,SR,SR,1
E03193,3,3,SR,SR,1
E03204,3,3,SR,SR,1
E03211,3,3,SR,SR,1
E03213,3,3,SR,SR,1
E03220,3,3,SR,SR,1
E03230,3,3,SR,SR,1
E03236,3,3,SR,SR,1
E03237,3,3,SR,SR,1
E03242,3,3,SR,SR,1
E03250,3,3,SR,SR,1
E03251,3,3,SR,SR,1
E03261,3,3,SR,SR,1
E03262,3,1,SR,GSVT,0
E03264,3,3,SR,SR,1
E03267,3,3,SR,SR,1
E03278,3,3,SR,SR,1
E03286,3,3,SR,SR,1
E03288,3,3,SR,SR,1
E03290,3,3,SR,SR,1
E03291,3,3,SR,SR,1
E03294,3,3,SR,SR,1
E03309,3,3,SR,SR,1
E03310,3,2,SR,SB,0
E03315,3,3,SR,SR,1
E03316,3,3,SR,SR,1
E03319,3,3,SR,SR,1
E03327,3,3,SR,SR,1
E03332,3,3,SR,SR,1
E03349,3,3,SR,SR,1
E03359,3,3,SR,SR,1
E03360,3,3,SR,SR,1
E03382,3,3,SR,SR,1
E03398,3,3,SR,SR,1
E03399,3,3,SR,SR,1
E03400,3,3,SR,SR,1
E03402,3,3,SR,SR,1
E03415,3,3,SR,SR,1
E03421,3,3,SR,SR,1
E03422,3,3,SR,SR,1
E03430,3,3,SR,SR,1
E03444,3,3,SR,SR,1
E03445,3,0,SR,AFIB,0
E03448,3,3,SR,SR,1
E03464,3,3,SR,SR,1
E03478,3,3,SR,SR,1
E03483,3,3,SR,SR,1
E03484,3,3,SR,SR,1
E03495,3,3,SR,SR,1
E03498,3,3,SR,SR,1
E03508,3,3,SR,SR,1
E03517,3,3,SR,SR,1
E03519,3,3,SR,SR,1
E03526,3,3,SR,SR,1
E03527,3,3,SR,SR,1
E03528,3,3,SR,SR,1
E03531,3,3,SR,SR,1
E03537,3,3,SR,SR,1
E03538,3,3,SR,SR,1
E03552,3,3,SR,SR,1
E03559,3,3,SR,SR,1
E03560,3,3,SR,SR,1
E03569,3,3,SR,SR,1
E03571,3,3,SR,SR,1
E03587,3,3,SR,SR,1
E03592,3,3,SR,SR,1
E03593,3,3,SR,SR,1
E03597,3,3,SR,SR,1
E03598,3,3,SR,SR,1
E03601,3,3,SR,SR,1
E03602,3,3,SR,SR,1
E03603,3,3,SR,SR,1
E03610,3,3,SR,SR,1
E03611,3,3,SR,SR,1
E03613,3,3,SR,SR,1
E03623,3,3,SR,SR,1
E03629,3,3,SR,SR,1
E03632,3,3,SR,SR,1
E03638,3,3,SR,SR,1
E03639,3,3,SR,SR,1
E03644,3,3,SR,SR,1
E03645,3,1,SR,GSVT,0
E03648,3,3,SR,SR,1
E03651,3,3,SR,SR,1
E03652,3,3,SR,SR,1
E03654,3,3,SR,SR,1
E03664,3,3,SR,SR,1
E03668,3,3,SR,SR,1
E03672,3,3,SR,SR,1
E03680,3,3,SR,SR,1
E03684,3,3,SR,SR,1
E03696,3,3,SR,SR,1
E03699,3,3,SR,SR,1
E03704,3,3,SR,SR,1
E03712,3,3,SR,SR,1
E03715,3,3,SR,SR,1
E03734,3,3,SR,SR,1
E03742,3,3,SR,SR,1
E03743,3,3,SR,SR,1
E03745,3,3,SR,SR,1
E03748,3,3,SR,SR,1
E03753,3,3,SR,SR,1
E03766,3,3,SR,SR,1
E03767,3,2,SR,SB,0
E03768,3,3,SR,SR,1
E03789,3,3,SR,SR,1
E03791,3,3,SR,SR,1
E03795,3,3,SR,SR,1
E03796,3,3,SR,SR,1
E03807,3,3,SR,SR,1
E03809,3,3,SR,SR,1
E03820,3,3,SR,SR,1
E03824,3,3,SR,SR,1
E03832,3,3,SR,SR,1
E03836,3,3,SR,SR,1
E03839,3,3,SR,SR,1
E03841,3,3,SR,SR,1
E03842,3,3,SR,SR,1
E03846,3,3,SR,SR,1
E03848,3,3,SR,SR,1
E03862,3,3,SR,SR,1
E03867,3,3,SR,SR,1
E03868,3,3,SR,SR,1
E03869,3,3,SR,SR,1
E03873,3,3,SR,SR,1
E03884,3,3,SR,SR,1
E03887,3,3,SR,SR,1
E03891,3,3,SR,SR,1
E03901,3,3,SR,SR,1
E03908,3,3,SR,SR,1
E03909,3,3,SR,SR,1
E03911,3,3,SR,SR,1
E03917,3,3,SR,SR,1
E03919,3,3,SR,SR,1
E03920,3,3,SR,SR,1
E03925,3,3,SR,SR,1
E03930,3,3,SR,SR,1
E03933,3,3,SR,SR,1
E03941,3,3,SR,SR,1
E03951,3,3,SR,SR,1
E03954,3,3,SR,SR,1
E03965,3,3,SR,SR,1
E03967,3,3,SR,SR,1
E03976,3,3,SR,SR,1
E03979,3,3,SR,SR,1
E03982,3,3,SR,SR,1
E03983,3,3,SR,SR,1
E03995,3,3,SR,SR,1
E04003,3,3,SR,SR,1
E04008,3,3,SR,SR,1
E04015,3,3,SR,SR,1
E04027,3,3,SR,SR,1
E04037,3,3,SR,SR,1
E04040,3,3,SR,SR,1
E04042,3,3,SR,SR,1
E04045,3,3,SR,SR,1
E04061,3,3,SR,SR,1
E04070,3,3,SR,SR,1
E04084,3,3,SR,SR,1
E04088,3,3,SR,SR,1
E04097,3,3,SR,SR,1
E04099,3,3,SR,SR,1
E04110,3,3,SR,SR,1
E04122,3,3,SR,SR,1
E04123,3,3,SR,SR,1
E04146,3,3,SR,SR,1
E04151,3,3,SR,SR,1
E04158,3,3,SR,SR,1
E04160,3,3,SR,SR,1
E04173,3,3,SR,SR,1
E04176,3,1,SR,GSVT,0
E04178,3,3,SR,SR,1
E04179,3,3,SR,SR,1
E04182,3,3,SR,SR,1
E04188,3,0,SR,AFIB,0
E04189,3,3,SR,SR,1
E04199,3,3,SR,SR,1
E04213,3,3,SR,SR,1
E04227,3,3,SR,SR,1
E04232,3,3,SR,SR,1
E04238,3,3,SR,SR,1
E04247,3,3,SR,SR,1
E04259,3,3,SR,SR,1
E04263,3,3,SR,SR,1
E04264,3,3,SR,SR,1
E04274,3,3,SR,SR,1
E04277,3,3,SR,SR,1
E04280,3,3,SR,SR,1
E04285,3,3,SR,SR,1
E04287,3,1,SR,GSVT,0
E04295,3,1,SR,GSVT,0
E04302,3,3,SR,SR,1
E04303,3,3,SR,SR,1
E04307,3,3,SR,SR,1
E04308,3,3,SR,SR,1
E04323,3,3,SR,SR,1
E04329,3,3,SR,SR,1
E04330,3,1,SR,GSVT,0
E04336,3,3,SR,SR,1
E04337,3,3,SR,SR,1
E04346,3,3,SR,SR,1
E04362,3,3,SR,SR,1
E04363,3,3,SR,SR,1
E04365,3,3,SR,SR,1
E04382,3,3,SR,SR,1
E04388,3,3,SR,SR,1
E04390,3,3,SR,SR,1
E04403,3,3,SR,SR,1
E04405,3,0,SR,AFIB,0
E04412,3,3,SR,SR,1
E04414,3,3,SR,SR,1
E04419,3,3,SR,SR,1
E04424,3,3,SR,SR,1
E04426,3,3,SR,SR,1
E04429,3,3,SR,SR,1
E04430,3,3,SR,SR,1
E04439,3,3,SR,SR,1
E04449,3,3,SR,SR,1
E04452,3,3,SR,SR,1
E04453,3,3,SR,SR,1
E04464,3,3,SR,SR,1
E04470,3,3,SR,SR,1
E04478,3,3,SR,SR,1
E04484,3,3,SR,SR,1
E04486,3,3,SR,SR,1
E04488,3,3,SR,SR,1
E04491,3,3,SR,SR,1
E04502,3,3,SR,SR,1
E04505,3,3,SR,SR,1
E04506,3,3,SR,SR,1
E04508,3,3,SR,SR,1
E04509,3,3,SR,SR,1
E04511,3,3,SR,SR,1
E04516,3,3,SR,SR,1
E04517,3,3,SR,SR,1
E04527,3,3,SR,SR,1
E04529,3,3,SR,SR,1
E04530,3,3,SR,SR,1
E04531,3,3,SR,SR,1
E04532,3,3,SR,SR,1
E04534,3,1,SR,GSVT,0
E04552,3,3,SR,SR,1
E04555,3,3,SR,SR,1
E04559,3,3,SR,SR,1
E04566,3,3,SR,SR,1
E04568,3,3,SR,SR,1
E04569,3,3,SR,SR,1
E04574,3,3,SR,SR,1
E04575,3,3,SR,SR,1
E04576,3,3,SR,SR,1
E04585,3,3,SR,SR,1
E04589,3,3,SR,SR,1
E04590,3,2,SR,SB,0
E04597,3,3,SR,SR,1
E04608,3,3,SR,SR,1
E04613,3,3,SR,SR,1
E04614,3,3,SR,SR,1
E04616,3,3,SR,SR,1
E04619,3,3,SR,SR,1
E04623,3,3,SR,SR,1
E04636,3,3,SR,SR,1
E04642,3,0,SR,AFIB,0
E04643,3,3,SR,SR,1
E04647,3,3,SR,SR,1
E04649,3,3,SR,SR,1
E04650,3,3,SR,SR,1
E04653,3,3,SR,SR,1
E04654,3,3,SR,SR,1
E04658,3,0,SR,AFIB,0
E04662,3,3,SR,SR,1
E04667,3,3,SR,SR,1
E04674,3,3,SR,SR,1
E04675,3,3,SR,SR,1
E04677,3,3,SR,SR,1
E04680,3,0,SR,AFIB,0
E04681,3,3,SR,SR,1
E04682,3,3,SR,SR,1
E04690,3,3,SR,SR,1
E04693,3,2,SR,SB,0
E04706,3,3,SR,SR,1
E04712,3,3,SR,SR,1
E04718,3,3,SR,SR,1
E04725,3,3,SR,SR,1
E04726,3,3,SR,SR,1
E04733,3,3,SR,SR,1
E04735,3,3,SR,SR,1
E04741,3,3,SR,SR,1
E04743,3,3,SR,SR,1
E04748,3,3,SR,SR,1
E04754,3,3,SR,SR,1
E04760,3,3,SR,SR,1
E04761,3,3,SR,SR,1
E04763,3,3,SR,SR,1
E04770,3,3,SR,SR,1
E04780,3,3,SR,SR,1
E04782,3,3,SR,SR,1
E04792,3,3,SR,SR,1
E04793,3,3,SR,SR,1
E04797,3,3,SR,SR,1
E04800,3,3,SR,SR,1
E04801,3,3,SR,SR,1
E04802,3,3,SR,SR,1
E04804,3,3,SR,SR,1
E04807,3,3,SR,SR,1
E04808,3,3,SR,SR,1
E04809,3,3,SR,SR,1
E04814,3,3,SR,SR,1
E04815,3,3,SR,SR,1
E04816,3,3,SR,SR,1
E04828,3,3,SR,SR,1
E04837,3,3,SR,SR,1
E04840,3,3,SR,SR,1
E04843,3,2,SR,SB,0
E04850,3,3,SR,SR,1
E04851,3,3,SR,SR,1
E04867,3,3,SR,SR,1
E04870,3,3,SR,SR,1
E04875,3,3,SR,SR,1
E04883,3,3,SR,SR,1
E04886,3,3,SR,SR,1
E04887,3,3,SR,SR,1
E04888,3,3,SR,SR,1
E04890,3,3,SR,SR,1
E04896,3,3,SR,SR,1
E04910,3,3,SR,SR,1
E04911,3,1,SR,GSVT,0
E04919,3,3,SR,SR,1
E04928,3,3,SR,SR,1
E04929,3,3,SR,SR,1
E04930,3,3,SR,SR,1
E04932,3,3,SR,SR,1
E04933,3,3,SR,SR,1
E04934,3,3,SR,SR,1
E04937,3,3,SR,SR,1
E04938,3,3,SR,SR,1
E04939,3,3,SR,SR,1
E04941,3,3,SR,SR,1
E04945,3,3,SR,SR,1
E04953,3,3,SR,SR,1
E04958,3,2,SR,SB,0
E04959,3,3,SR,SR,1
E04962,3,3,SR,SR,1
E04977,3,2,SR,SB,0
E04981,3,3,SR,SR,1
E04990,3,3,SR,SR,1
E04997,3,3,SR,SR,1
E05001,3,3,SR,SR,1
E05007,3,3,SR,SR,1
E05014,3,3,SR,SR,1
E05017,3,3,SR,SR,1
E05024,3,3,SR,SR,1
E05033,3,3,SR,SR,1
E05041,3,3,SR,SR,1
E05043,3,1,SR,GSVT,0
E05055,3,3,SR,SR,1
E05062,3,3,SR,SR,1
E05065,3,3,SR,SR,1
E05072,3,2,SR,SB,0
E05073,3,3,SR,SR,1
E05074,3,3,SR,SR,1
E05081,3,3,SR,SR,1
E05101,3,3,SR,SR,1
E05105,3,3,SR,SR,1
E05106,3,1,SR,GSVT,0
E05110,3,3,SR,SR,1
E05127,3,1,SR,GSVT,0
E05133,3,3,SR,SR,1
E05144,3,3,SR,SR,1
E05147,3,3,SR,SR,1
E05154,3,3,SR,SR,1
E05161,3,3,SR,SR,1
E05162,3,0,SR,AFIB,0
E05165,3,3,SR,SR,1
E05186,3,3,SR,SR,1
E05191,3,1,SR,GSVT,0
E05196,3,3,SR,SR,1
E05202,3,3,SR,SR,1
E05216,3,3,SR,SR,1
E05231,3,3,SR,SR,1
E05232,3,3,SR,SR,1
E05238,3,3,SR,SR,1
E05239,3,3,SR,SR,1
E05243,3,3,SR,SR,1
E05256,3,3,SR,SR,1
E05257,3,1,SR,GSVT,0
E05263,3,3,SR,SR,1
E05267,3,1,SR,GSVT,0
E05279,3,3,SR,SR,1
E05285,3,3,SR,SR,1
E05286,3,3,SR,SR,1
E05287,3,3,SR,SR,1
E05290,3,3,SR,SR,1
E05300,3,3,SR,SR,1
E05308,3,3,SR,SR,1
E05315,3,3,SR,SR,1
E05317,3,3,SR,SR,1
E05323,3,3,SR,SR,1
E05329,3,3,SR,SR,1
E05333,3,3,SR,SR,1
E05334,3,3,SR,SR,1
E05335,3,3,SR,SR,1
E05338,3,3,SR,SR,1
E05344,3,3,SR,SR,1
E05348,3,3,SR,SR,1
E05358,3,3,SR,SR,1
E05367,3,3,SR,SR,1
E05369,3,1,SR,GSVT,0
E05371,3,3,SR,SR,1
E05379,3,3,SR,SR,1
E05380,3,3,SR,SR,1
E05389,3,3,SR,SR,1
E05393,3,3,SR,SR,1
E05395,3,3,SR,SR,1
E05409,3,3,SR,SR,1
E05412,3,3,SR,SR,1
E05413,3,3,SR,SR,1
E05416,3,3,SR,SR,1
E05422,3,3,SR,SR,1
E05423,3,3,SR,SR,1
E05429,3,3,SR,SR,1
E05433,3,0,SR,AFIB,0
E05449,3,3,SR,SR,1
E05453,3,3,SR,SR,1
E05464,3,3,SR,SR,1
E05470,3,3,SR,SR,1
E05472,3,3,SR,SR,1
E05476,3,0,SR,AFIB,0
E05483,3,3,SR,SR,1
E05486,3,3,SR,SR,1
E05487,3,3,SR,SR,1
E05488,3,3,SR,SR,1
E05494,3,3,SR,SR,1
E05499,3,3,SR,SR,1
E05502,3,3,SR,SR,1
E05508,3,3,SR,SR,1
E05511,3,3,SR,SR,1
E05514,3,3,SR,SR,1
E05527,3,3,SR,SR,1
E05530,3,3,SR,SR,1
E05534,3,3,SR,SR,1
E05536,3,3,SR,SR,1
E05544,3,3,SR,SR,1
E05547,3,3,SR,SR,1
E05548,3,3,SR,SR,1
E05550,3,3,SR,SR,1
E05557,3,3,SR,SR,1
E05562,3,3,SR,SR,1
E05565,3,3,SR,SR,1
E05566,3,3,SR,SR,1
E05570,3,3,SR,SR,1
E05571,3,3,SR,SR,1
E05573,3,3,SR,SR,1
E05574,3,3,SR,SR,1
E05581,3,0,SR,AFIB,0
E05585,3,3,SR,SR,1
E05587,3,3,SR,SR,1
E05590,3,3,SR,SR,1
E05605,3,3,SR,SR,1
E05617,3,3,SR,SR,1
E05624,3,3,SR,SR,1
E05629,3,3,SR,SR,1
E05638,3,3,SR,SR,1
E05640,3,3,SR,SR,1
E05648,3,3,SR,SR,1
E05651,3,3,SR,SR,1
E05661,3,3,SR,SR,1
E05664,3,3,SR,SR,1
E05686,3,3,SR,SR,1
E05703,3,3,SR,SR,1
E05706,3,3,SR,SR,1
E05710,3,3,SR,SR,1
E05712,3,3,SR,SR,1
E05713,3,0,SR,AFIB,0
E05720,3,3,SR,SR,1
E05724,3,2,SR,SB,0
E05725,3,3,SR,SR,1
E05738,3,3,SR,SR,1
E05739,3,1,SR,GSVT,0
E05771,3,3,SR,SR,1
E05778,3,3,SR,SR,1
E05798,3,3,SR,SR,1
E05799,3,3,SR,SR,1
E05801,3,3,SR,SR,1
E05813,3,3,SR,SR,1
E05819,3,3,SR,SR,1
E05820,3,2,SR,SB,0
E05841,3,3,SR,SR,1
E05845,3,3,SR,SR,1
E05846,3,3,SR,SR,1
E05847,3,3,SR,SR,1
E05848,3,3,SR,SR,1
E05849,3,3,SR,SR,1
E05861,3,3,SR,SR,1
E05866,3,3,SR,SR,1
E05870,3,3,SR,SR,1
E05874,3,3,SR,SR,1
E05877,3,3,SR,SR,1
E05878,3,2,SR,SB,0
E05887,3,3,SR,SR,1
E05902,3,3,SR,SR,1
E05907,3,3,SR,SR,1
E05916,3,3,SR,SR,1
E05933,3,3,SR,SR,1
E05936,3,3,SR,SR,1
E05951,3,3,SR,SR,1
E05952,3,3,SR,SR,1
E05953,3,3,SR,SR,1
E05958,3,3,SR,SR,1
E05971,3,0,SR,AFIB,0
E05975,3,3,SR,SR,1
E05976,3,3,SR,SR,1
E05985,3,1,SR,GSVT,0
E05986,3,3,SR,SR,1
E05989,3,0,SR,AFIB,0
E05993,3,3,SR,SR,1
E05994,3,3,SR,SR,1
E06011,3,3,SR,SR,1
E06020,3,3,SR,SR,1
E06021,3,3,SR,SR,1
E06030,3,3,SR,SR,1
E06042,3,3,SR,SR,1
E06043,3,3,SR,SR,1
E06044,3,3,SR,SR,1
E06054,3,3,SR,SR,1
E06057,3,3,SR,SR,1
E06058,3,3,SR,SR,1
E06064,3,3,SR,SR,1
E06068,3,3,SR,SR,1
E06072,3,3,SR,SR,1
E06073,3,3,SR,SR,1
E06096,3,3,SR,SR,1
E06100,3,3,SR,SR,1
E06103,3,2,SR,SB,0
E06104,3,3,SR,SR,1
E06106,3,3,SR,SR,1
E06112,3,3,SR,SR,1
E06114,3,3,SR,SR,1
E06119,3,3,SR,SR,1
E06123,3,3,SR,SR,1
E06125,3,2,SR,SB,0
E06132,3,3,SR,SR,1
E06139,3,3,SR,SR,1
E06146,3,3,SR,SR,1
E06152,3,3,SR,SR,1
E06153,3,3,SR,SR,1
E06164,3,3,SR,SR,1
E06165,3,3,SR,SR,1
E06168,3,3,SR,SR,1
E06169,3,3,SR,SR,1
E06171,3,3,SR,SR,1
E06186,3,3,SR,SR,1
E06188,3,3,SR,SR,1
E06196,3,3,SR,SR,1
E06211,3,3,SR,SR,1
E06213,3,3,SR,SR,1
E06217,3,3,SR,SR,1
E06219,3,3,SR,SR,1
E06226,3,3,SR,SR,1
E06227,3,3,SR,SR,1
E06235,3,3,SR,SR,1
E06237,3,3,SR,SR,1
E06255,3,3,SR,SR,1
E06262,3,3,SR,SR,1
E06267,3,3,SR,SR,1
E06280,3,3,SR,SR,1
E06289,3,3,SR,SR,1
E06294,3,3,SR,SR,1
E06298,3,3,SR,SR,1
E06300,3,0,SR,AFIB,0
E06306,3,3,SR,SR,1
E06312,3,3,SR,SR,1
E06319,3,3,SR,SR,1
E06333,3,3,SR,SR,1
E06334,3,3,SR,SR,1
E06346,3,3,SR,SR,1
E06355,3,3,SR,SR,1
E06362,3,3,SR,SR,1
E06363,3,3,SR,SR,1
E06364,3,1,SR,GSVT,0
E06367,3,3,SR,SR,1
E06375,3,3,SR,SR,1
E06378,3,3,SR,SR,1
E06381,3,3,SR,SR,1
E06386,3,3,SR,SR,1
E06415,3,1,SR,GSVT,0
E06416,3,3,SR,SR,1
E06430,3,3,SR,SR,1
E06434,3,3,SR,SR,1
E06438,3,3,SR,SR,1
E06446,3,3,SR,SR,1
E06447,3,3,SR,SR,1
E06448,3,3,SR,SR,1
E06485,3,3,SR,SR,1
E06490,3,3,SR,SR,1
E06505,3,3,SR,SR,1
E06531,3,1,SR,GSVT,0
E06535,3,3,SR,SR,1
E06540,3,3,SR,SR,1
E06547,3,3,SR,SR,1
E06555,3,3,SR,SR,1
E06568,3,3,SR,SR,1
E06578,3,3,SR,SR,1
E06595,3,3,SR,SR,1
E06599,3,3,SR,SR,1
E06609,3,3,SR,SR,1
E06610,3,3,SR,SR,1
E06613,3,3,SR,SR,1
E06616,3,3,SR,SR,1
E06627,3,3,SR,SR,1
E06639,3,3,SR,SR,1
E06640,3,1,SR,GSVT,0
E06647,3,3,SR,SR,1
E06649,3,3,SR,SR,1
E06652,3,3,SR,SR,1
E06668,3,3,SR,SR,1
E06669,3,3,SR,SR,1
E06672,3,3,SR,SR,1
E06673,3,3,SR,SR,1
E06683,3,3,SR,SR,1
E06690,3,3,SR,SR,1
E06699,3,3,SR,SR,1
E06700,3,3,SR,SR,1
E06704,3,3,SR,SR,1
E06710,3,3,SR,SR,1
E06719,3,1,SR,GSVT,0
E06726,3,3,SR,SR,1
E06732,3,3,SR,SR,1
E06744,3,3,SR,SR,1
E06753,3,3,SR,SR,1
E06780,3,3,SR,SR,1
E06781,3,3,SR,SR,1
E06791,3,3,SR,SR,1
E06796,3,3,SR,SR,1
E06797,3,3,SR,SR,1
E06802,3,3,SR,SR,1
E06804,3,3,SR,SR,1
E06808,3,3,SR,SR,1
E06813,3,3,SR,SR,1
E06814,3,3,SR,SR,1
E06821,3,3,SR,SR,1
E06826,3,3,SR,SR,1
E06835,3,3,SR,SR,1
E06836,3,3,SR,SR,1
E06837,3,3,SR,SR,1
E06839,3,3,SR,SR,1
E06840,3,3,SR,SR,1
E06841,3,3,SR,SR,1
E06851,3,3,SR,SR,1
E06852,3,3,SR,SR,1
E06859,3,3,SR,SR,1
E06861,3,3,SR,SR,1
E06867,3,3,SR,SR,1
E06869,3,3,SR,SR,1
E06873,3,3,SR,SR,1
E06874,3,3,SR,SR,1
E06877,3,3,SR,SR,1
E06878,3,3,SR,SR,1
E06882,3,3,SR,SR,1
E06897,3,3,SR,SR,1
E06898,3,3,SR,SR,1
E06900,3,3,SR,SR,1
E06904,3,3,SR,SR,1
E06913,3,3,SR,SR,1
E06924,3,3,SR,SR,1
E06943,3,3,SR,SR,1
E06948,3,3,SR,SR,1
E06950,3,2,SR,SB,0
E06958,3,3,SR,SR,1
E06959,3,3,SR,SR,1
E06966,3,3,SR,SR,1
E06967,3,3,SR,SR,1
E06975,3,3,SR,SR,1
E07003,3,3,SR,SR,1
E07010,3,3,SR,SR,1
E07011,3,3,SR,SR,1
E07020,3,2,SR,SB,0
E07029,3,3,SR,SR,1
E07036,3,3,SR,SR,1
E07051,3,3,SR,SR,1
E07052,3,3,SR,SR,1
E07053,3,1,SR,GSVT,0
E07054,3,3,SR,SR,1
E07055,3,3,SR,SR,1
E07075,3,3,SR,SR,1
E07076,3,1,SR,GSVT,0
E07082,3,3,SR,SR,1
E07083,3,3,SR,SR,1
E07088,3,3,SR,SR,1
E07091,3,3,SR,SR,1
E07104,3,3,SR,SR,1
E07106,3,3,SR,SR,1
E07115,3,3,SR,SR,1
E07130,3,3,SR,SR,1
E07132,3,3,SR,SR,1
E07134,3,3,SR,SR,1
E07144,3,2,SR,SB,0
E07148,3,3,SR,SR,1
E07149,3,3,SR,SR,1
E07160,3,3,SR,SR,1
E07166,3,3,SR,SR,1
E07167,3,3,SR,SR,1
E07176,3,3,SR,SR,1
E07177,3,3,SR,SR,1
E07178,3,1,SR,GSVT,0
E07181,3,3,SR,SR,1
E07185,3,3,SR,SR,1
E07188,3,3,SR,SR,1
E07190,3,3,SR,SR,1
E07203,3,3,SR,SR,1
E07207,3,3,SR,SR,1
E07208,3,3,SR,SR,1
E07209,3,3,SR,SR,1
E07210,3,3,SR,SR,1
E07211,3,3,SR,SR,1
E07214,3,3,SR,SR,1
E07215,3,3,SR,SR,1
E07219,3,3,SR,SR,1
E07222,3,3,SR,SR,1
E07227,3,3,SR,SR,1
E07233,3,3,SR,SR,1
E07246,3,3,SR,SR,1
E07250,3,3,SR,SR,1
E07264,3,3,SR,SR,1
E07271,3,3,SR,SR,1
E07278,3,3,SR,SR,1
E07285,3,3,SR,SR,1
E07289,3,2,SR,SB,0
E07293,3,3,SR,SR,1
E07298,3,3,SR,SR,1
E07300,3,3,SR,SR,1
E07304,3,3,SR,SR,1
E07305,3,3,SR,SR,1
E07309,3,3,SR,SR,1
E07311,3,3,SR,SR,1
E07312,3,3,SR,SR,1
E07317,3,3,SR,SR,1
E07326,3,3,SR,SR,1
E07335,3,3,SR,SR,1
E07337,3,3,SR,SR,1
E07346,3,3,SR,SR,1
E07363,3,3,SR,SR,1
E07366,3,3,SR,SR,1
E07368,3,3,SR,SR,1
E07372,3,3,SR,SR,1
E07373,3,3,SR,SR,1
E07374,3,2,SR,SB,0
E07379,3,3,SR,SR,1
E07380,3,3,SR,SR,1
E07383,3,3,SR,SR,1
E07384,3,3,SR,SR,1
E07385,3,3,SR,SR,1
E07388,3,3,SR,SR,1
E07389,3,3,SR,SR,1
E07390,3,2,SR,SB,0
E07392,3,3,SR,SR,1
E07397,3,3,SR,SR,1
E07398,3,3,SR,SR,1
E07399,3,3,SR,SR,1
E07404,3,3,SR,SR,1
E07406,3,3,SR,SR,1
E07412,3,3,SR,SR,1
E07416,3,3,SR,SR,1
E07425,3,3,SR,SR,1
E07429,3,3,SR,SR,1
E07430,3,3,SR,SR,1
E07433,3,3,SR,SR,1
E07434,3,3,SR,SR,1
E07435,3,3,SR,SR,1
E07437,3,3,SR,SR,1
E07438,3,3,SR,SR,1
E07440,3,3,SR,SR,1
E07444,3,3,SR,SR,1
E07447,3,3,SR,SR,1
E07456,3,3,SR,SR,1
E07460,3,3,SR,SR,1
E07462,3,3,SR,SR,1
E07463,3,3,SR,SR,1
E07464,3,3,SR,SR,1
E07465,3,3,SR,SR,1
E07467,3,3,SR,SR,1
E07470,3,3,SR,SR,1
E07472,3,3,SR,SR,1
E07477,3,3,SR,SR,1
E07479,3,3,SR,SR,1
E07480,3,3,SR,SR,1
E07481,3,3,SR,SR,1
E07484,3,3,SR,SR,1
E07489,3,3,SR,SR,1
E07495,3,3,SR,SR,1
E07496,3,3,SR,SR,1
E07497,3,2,SR,SB,0
E07498,3,3,SR,SR,1
E07499,3,3,SR,SR,1
E07506,3,3,SR,SR,1
E07511,3,3,SR,SR,1
E07513,3,3,SR,SR,1
E07515,3,3,SR,SR,1
E07518,3,3,SR,SR,1
E07520,3,3,SR,SR,1
E07526,3,3,SR,SR,1
E07530,3,3,SR,SR,1
E07535,3,3,SR,SR,1
E07537,3,3,SR,SR,1
E07539,3,3,SR,SR,1
E07540,3,3,SR,SR,1
E07542,3,3,SR,SR,1
E07545,3,3,SR,SR,1
E07550,3,3,SR,SR,1
E07552,3,3,SR,SR,1
E07554,3,3,SR,SR,1
E07556,3,3,SR,SR,1
E07560,3,3,SR,SR,1
E07569,3,3,SR,SR,1
E07570,3,3,SR,SR,1
E07574,3,3,SR,SR,1
E07575,3,3,SR,SR,1
E07576,3,3,SR,SR,1
E07579,3,3,SR,SR,1
E07580,3,3,SR,SR,1
E07582,3,3,SR,SR,1
E07583,3,3,SR,SR,1
E07590,3,3,SR,SR,1
E07601,3,3,SR,SR,1
E07602,3,3,SR,SR,1
E07605,3,3,SR,SR,1
E07606,3,3,SR,SR,1
E07607,3,3,SR,SR,1
E07614,3,3,SR,SR,1
E07615,3,3,SR,SR,1
E07621,3,3,SR,SR,1
E07626,3,3,SR,SR,1
E07631,3,3,SR,SR,1
E07632,3,2,SR,SB,0
E07633,3,3,SR,SR,1
E07634,3,3,SR,SR,1
E07645,3,3,SR,SR,1
E07648,3,3,SR,SR,1
E07649,3,3,SR,SR,1
E07654,3,3,SR,SR,1
E07663,3,3,SR,SR,1
E07664,3,3,SR,SR,1
E07672,3,3,SR,SR,1
E07677,3,3,SR,SR,1
E07683,3,3,SR,SR,1
E07685,3,3,SR,SR,1
E07686,3,3,SR,SR,1
E07687,3,3,SR,SR,1
E07689,3,3,SR,SR,1
E07692,3,3,SR,SR,1
E07701,3,3,SR,SR,1
E07703,3,3,SR,SR,1
E07706,3,3,SR,SR,1
E07712,3,3,SR,SR,1
E07713,3,3,SR,SR,1
E07716,3,3,SR,SR,1
E07718,3,3,SR,SR,1
E07722,3,3,SR,SR,1
E07727,3,3,SR,SR,1
E07729,3,3,SR,SR,1
E07731,3,3,SR,SR,1
E07741,3,3,SR,SR,1
E07742,3,3,SR,SR,1
E07744,3,3,SR,SR,1
E07750,3,3,SR,SR,1
E07751,3,3,SR,SR,1
E07752,3,3,SR,SR,1
E07754,3,2,SR,SB,0
E07755,3,3,SR,SR,1
E07758,3,3,SR,SR,1
E07760,3,3,SR,SR,1
E07773,3,3,SR,SR,1
E07774,3,3,SR,SR,1
E07775,3,3,SR,SR,1
E07777,3,3,SR,SR,1
E07782,3,3,SR,SR,1
E07784,3,3,SR,SR,1
E07788,3,3,SR,SR,1
E07790,3,3,SR,SR,1
E07791,3,3,SR,SR,1
E07794,3,3,SR,SR,1
E07797,3,3,SR,SR,1
E07802,3,3,SR,SR,1
E07803,3,3,SR,SR,1
E07808,3,3,SR,SR,1
E07813,3,3,SR,SR,1
E07817,3,3,SR,SR,1
E07822,3,1,SR,GSVT,0
E07825,3,3,SR,SR,1
E07828,3,3,SR,SR,1
E07831,3,3,SR,SR,1
E07834,3,3,SR,SR,1
E07836,3,3,SR,SR,1
E07838,3,3,SR,SR,1
E07839,3,3,SR,SR,1
E07840,3,3,SR,SR,1
E07842,3,3,SR,SR,1
E07845,3,3,SR,SR,1
E07846,3,3,SR,SR,1
E07848,3,3,SR,SR,1
E07849,3,3,SR,SR,1
E07857,3,3,SR,SR,1
E07859,3,3,SR,SR,1
E07861,3,3,SR,SR,1
E07862,3,3,SR,SR,1
E07863,3,3,SR,SR,1
E07869,3,3,SR,SR,1
E07872,3,3,SR,SR,1
E07875,3,3,SR,SR,1
E07876,3,3,SR,SR,1
E07878,3,3,SR,SR,1
E07882,3,3,SR,SR,1
E07885,3,3,SR,SR,1
E07886,3,3,SR,SR,1
E07890,3,3,SR,SR,1
E07892,3,3,SR,SR,1
E07894,3,3,SR,SR,1
E07899,3,3,SR,SR,1
E07900,3,3,SR,SR,1
E07902,3,3,SR,SR,1
E07904,3,3,SR,SR,1
E07907,3,3,SR,SR,1
E07910,3,3,SR,SR,1
E07915,3,3,SR,SR,1
E07918,3,3,SR,SR,1
E07919,3,3,SR,SR,1
E07921,3,3,SR,SR,1
E07922,3,3,SR,SR,1
E07923,3,3,SR,SR,1
E07926,3,3,SR,SR,1
E07929,3,3,SR,SR,1
E07930,3,3,SR,SR,1
E07932,3,3,SR,SR,1
E07934,3,3,SR,SR,1
E07936,3,3,SR,SR,1
E07947,3,3,SR,SR,1
E07949,3,3,SR,SR,1
E07951,3,3,SR,SR,1
E07952,3,3,SR,SR,1
E07953,3,3,SR,SR,1
E07954,3,3,SR,SR,1
E07957,3,3,SR,SR,1
E07963,3,3,SR,SR,1
E07966,3,3,SR,SR,1
E07977,3,3,SR,SR,1
E07981,3,3,SR,SR,1
E07985,3,3,SR,SR,1
E07996,3,3,SR,SR,1
E08001,3,3,SR,SR,1
E08003,3,3,SR,SR,1
E08004,3,3,SR,SR,1
E08014,3,3,SR,SR,1
E08019,3,3,SR,SR,1
E08021,3,3,SR,SR,1
E08028,3,2,SR,SB,0
E08031,3,3,SR,SR,1
E08035,3,3,SR,SR,1
E08040,3,3,SR,SR,1
E08050,3,3,SR,SR,1
E08061,3,3,SR,SR,1
E08062,3,3,SR,SR,1
E08068,3,3,SR,SR,1
E08069,3,3,SR,SR,1
E08071,3,3,SR,SR,1
E08074,3,3,SR,SR,1
E08078,3,3,SR,SR,1
E08080,3,3,SR,SR,1
E08086,3,3,SR,SR,1
E08093,3,3,SR,SR,1
E08102,3,3,SR,SR,1
E08103,3,3,SR,SR,1
E08105,3,3,SR,SR,1
E08115,3,2,SR,SB,0
E08116,3,3,SR,SR,1
E08120,3,3,SR,SR,1
E08127,3,3,SR,SR,1
E08132,3,3,SR,SR,1
E08133,3,3,SR,SR,1
E08134,3,3,SR,SR,1
E08137,3,3,SR,SR,1
E08139,3,3,SR,SR,1
E08141,3,3,SR,SR,1
E08142,3,3,SR,SR,1
E08143,3,3,SR,SR,1
E08144,3,3,SR,SR,1
E08146,3,3,SR,SR,1
E08151,3,3,SR,SR,1
E08160,3,3,SR,SR,1
E08162,3,3,SR,SR,1
E08167,3,3,SR,SR,1
E08168,3,2,SR,SB,0
E08172,3,3,SR,SR,1
E08174,3,3,SR,SR,1
E08175,3,3,SR,SR,1
E08177,3,3,SR,SR,1
E08179,3,3,SR,SR,1
E08183,3,3,SR,SR,1
E08184,3,3,SR,SR,1
E08186,3,3,SR,SR,1
E08194,3,3,SR,SR,1
E08197,3,3,SR,SR,1
E08199,3,3,SR,SR,1
E08206,3,3,SR,SR,1
E08208,3,3,SR,SR,1
E08211,3,3,SR,SR,1
E08215,3,3,SR,SR,1
E08216,3,3,SR,SR,1
E08218,3,3,SR,SR,1
E08220,3,3,SR,SR,1
E08222,3,3,SR,SR,1
E08226,3,3,SR,SR,1
E08227,3,2,SR,SB,0
E08228,3,3,SR,SR,1
E08229,3,3,SR,SR,1
E08230,3,3,SR,SR,1
E08233,3,3,SR,SR,1
E08234,3,3,SR,SR,1
E08235,3,3,SR,SR,1
E08237,3,3,SR,SR,1
E08238,3,3,SR,SR,1
E08240,3,3,SR,SR,1
E08242,3,3,SR,SR,1
E08252,3,3,SR,SR,1
E08258,3,3,SR,SR,1
E08261,3,3,SR,SR,1
E08262,3,3,SR,SR,1
E08264,3,3,SR,SR,1
E08267,3,3,SR,SR,1
E08269,3,3,SR,SR,1
E08272,3,3,SR,SR,1
E08276,3,3,SR,SR,1
E08280,3,3,SR,SR,1
E08287,3,2,SR,SB,0
E08288,3,3,SR,SR,1
E08290,3,3,SR,SR,1
E08297,3,3,SR,SR,1
E08298,3,3,SR,SR,1
E08299,3,3,SR,SR,1
E08318,3,3,SR,SR,1
E08319,3,3,SR,SR,1
E08320,3,3,SR,SR,1
E08321,3,3,SR,SR,1
E08323,3,3,SR,SR,1
E08325,3,3,SR,SR,1
E08329,3,3,SR,SR,1
E08332,3,1,SR,GSVT,0
E08333,3,2,SR,SB,0
E08340,3,3,SR,SR,1
E08344,3,3,SR,SR,1
E08345,3,3,SR,SR,1
E08349,3,3,SR,SR,1
E08351,3,2,SR,SB,0
E08354,3,3,SR,SR,1
E08357,3,3,SR,SR,1
E08358,3,3,SR,SR,1
E08360,3,3,SR,SR,1
E08361,3,3,SR,SR,1
E08369,3,3,SR,SR,1
E08376,3,3,SR,SR,1
E08384,3,3,SR,SR,1
E08386,3,3,SR,SR,1
E08389,3,3,SR,SR,1
E08398,3,3,SR,SR,1
E08399,3,3,SR,SR,1
E08400,3,3,SR,SR,1
E08403,3,3,SR,SR,1
E08405,3,3,SR,SR,1
E08406,3,3,SR,SR,1
E08408,3,3,SR,SR,1
E08410,3,3,SR,SR,1
E08415,3,3,SR,SR,1
E08419,3,2,SR,SB,0
E08421,3,3,SR,SR,1
E08425,3,2,SR,SB,0
E08426,3,3,SR,SR,1
E08430,3,3,SR,SR,1
E08432,3,3,SR,SR,1
E08437,3,3,SR,SR,1
E08438,3,3,SR,SR,1
E08441,3,3,SR,SR,1
E08442,3,3,SR,SR,1
E08443,3,3,SR,SR,1
E08449,3,3,SR,SR,1
E08453,3,3,SR,SR,1
E08457,3,3,SR,SR,1
E08458,3,3,SR,SR,1
E08459,3,3,SR,SR,1
E08462,3,3,SR,SR,1
E08465,3,3,SR,SR,1
E08468,3,3,SR,SR,1
E08480,3,3,SR,SR,1
E08482,3,3,SR,SR,1
E08487,3,3,SR,SR,1
E08489,3,3,SR,SR,1
E08491,3,3,SR,SR,1
E08495,3,3,SR,SR,1
E08496,3,3,SR,SR,1
E08504,3,3,SR,SR,1
E08505,3,3,SR,SR,1
E08511,3,3,SR,SR,1
E08515,3,2,SR,SB,0
E08516,3,3,SR,SR,1
E08518,3,3,SR,SR,1
E08520,3,3,SR,SR,1
E08525,3,3,SR,SR,1
E08527,3,3,SR,SR,1
E08531,3,3,SR,SR,1
E08536,3,3,SR,SR,1
E08538,3,3,SR,SR,1
E08539,3,3,SR,SR,1
E08544,3,3,SR,SR,1
E08546,3,3,SR,SR,1
E08547,3,3,SR,SR,1
E08553,3,3,SR,SR,1
E08554,3,3,SR,SR,1
E08556,3,2,SR,SB,0
E08559,3,3,SR,SR,1
E08564,3,3,SR,SR,1
E08566,3,3,SR,SR,1
E08567,3,3,SR,SR,1
E08568,3,3,SR,SR,1
E08580,3,3,SR,SR,1
E08583,3,3,SR,SR,1
E08586,3,3,SR,SR,1
E08587,3,3,SR,SR,1
E08588,3,3,SR,SR,1
E08590,3,3,SR,SR,1
E08593,3,3,SR,SR,1
E08595,3,3,SR,SR,1
E08601,3,3,SR,SR,1
E08603,3,3,SR,SR,1
E08607,3,2,SR,SB,0
E08613,3,3,SR,SR,1
E08619,3,3,SR,SR,1
E08620,3,3,SR,SR,1
E08621,3,3,SR,SR,1
E08625,3,3,SR,SR,1
E08626,3,3,SR,SR,1
E08636,3,1,SR,GSVT,0
E08647,3,1,SR,GSVT,0
E08650,3,3,SR,SR,1
E08653,3,3,SR,SR,1
E08662,3,3,SR,SR,1
E08667,3,3,SR,SR,1
E08668,3,3,SR,SR,1
E08670,3,3,SR,SR,1
E08672,3,3,SR,SR,1
E08674,3,3,SR,SR,1
E08675,3,3,SR,SR,1
E08676,3,3,SR,SR,1
E08680,3,3,SR,SR,1
E08681,3,3,SR,SR,1
E08684,3,3,SR,SR,1
E08685,3,3,SR,SR,1
E08686,3,3,SR,SR,1
E08687,3,3,SR,SR,1
E08691,3,3,SR,SR,1
E08692,3,3,SR,SR,1
E08693,3,3,SR,SR,1
E08695,3,3,SR,SR,1
E08696,3,3,SR,SR,1
E08702,3,3,SR,SR,1
E08705,3,3,SR,SR,1
E08706,3,3,SR,SR,1
E08710,3,3,SR,SR,1
E08715,3,3,SR,SR,1
E08717,3,3,SR,SR,1
E08718,3,3,SR,SR,1
E08722,3,3,SR,SR,1
E08726,3,3,SR,SR,1
E08727,3,3,SR,SR,1
E08734,3,3,SR,SR,1
E08736,3,3,SR,SR,1
E08738,3,3,SR,SR,1
E08741,3,3,SR,SR,1
E08748,3,3,SR,SR,1
E08754,3,3,SR,SR,1
E08755,3,3,SR,SR,1
E08757,3,3,SR,SR,1
E08761,3,3,SR,SR,1
E08763,3,3,SR,SR,1
E08767,3,3,SR,SR,1
E08768,3,3,SR,SR,1
E08773,3,3,SR,SR,1
E08780,3,3,SR,SR,1
E08782,3,3,SR,SR,1
E08793,3,3,SR,SR,1
E08794,3,3,SR,SR,1
E08801,3,3,SR,SR,1
E08808,3,3,SR,SR,1
E08812,3,3,SR,SR,1
E08813,3,3,SR,SR,1
E08814,3,3,SR,SR,1
E08817,3,3,SR,SR,1
E08820,3,3,SR,SR,1
E08821,3,3,SR,SR,1
E08829,3,3,SR,SR,1
E08836,3,3,SR,SR,1
E08841,3,3,SR,SR,1
E08846,3,3,SR,SR,1
E08861,3,3,SR,SR,1
E08863,3,3,SR,SR,1
E08870,3,3,SR,SR,1
E08874,3,3,SR,SR,1
E08876,3,3,SR,SR,1
E08878,3,3,SR,SR,1
E08881,3,3,SR,SR,1
E08882,3,3,SR,SR,1
E08884,3,3,SR,SR,1
E08888,3,3,SR,SR,1
E08891,3,3,SR,SR,1
E08892,3,3,SR,SR,1
E08893,3,3,SR,SR,1
E08894,3,3,SR,SR,1
E08895,3,3,SR,SR,1
E08898,3,3,SR,SR,1
E08899,3,3,SR,SR,1
E08903,3,3,SR,SR,1
E08905,3,3,SR,SR,1
E08906,3,3,SR,SR,1
E08907,3,3,SR,SR,1
E08911,3,3,SR,SR,1
E08912,3,3,SR,SR,1
E08915,3,3,SR,SR,1
E08917,3,3,SR,SR,1
E08920,3,3,SR,SR,1
E08923,3,3,SR,SR,1
E08928,3,3,SR,SR,1
E08934,3,3,SR,SR,1
E08939,3,3,SR,SR,1
E08944,3,3,SR,SR,1
E08958,3,3,SR,SR,1
E08963,3,3,SR,SR,1
E08966,3,3,SR,SR,1
E08973,3,3,SR,SR,1
E08986,3,3,SR,SR,1
E08987,3,3,SR,SR,1
E08992,3,3,SR,SR,1
E08993,3,3,SR,SR,1
E08994,3,3,SR,SR,1
E09002,3,3,SR,SR,1
E09003,3,3,SR,SR,1
E09004,3,3,SR,SR,1
E09009,3,0,SR,AFIB,0
E09020,3,3,SR,SR,1
E09027,3,3,SR,SR,1
E09034,3,3,SR,SR,1
E09038,3,3,SR,SR,1
E09042,3,3,SR,SR,1
E09043,3,3,SR,SR,1
E09065,3,3,SR,SR,1
E09069,3,3,SR,SR,1
E09071,3,3,SR,SR,1
E09074,3,3,SR,SR,1
E09092,3,3,SR,SR,1
E09094,3,3,SR,SR,1
E09101,3,3,SR,SR,1
E09104,3,3,SR,SR,1
E09106,3,3,SR,SR,1
E09111,3,3,SR,SR,1
E09116,3,3,SR,SR,1
E09117,3,3,SR,SR,1
E09123,3,3,SR,SR,1
E09135,3,3,SR,SR,1
E09136,3,3,SR,SR,1
E09140,3,3,SR,SR,1
E09141,3,2,SR,SB,0
E09145,3,1,SR,GSVT,0
E09152,3,3,SR,SR,1
E09162,3,3,SR,SR,1
E09166,3,3,SR,SR,1
E09168,3,3,SR,SR,1
E09170,3,3,SR,SR,1
E09172,3,3,SR,SR,1
E09174,3,3,SR,SR,1
E09175,3,3,SR,SR,1
E09178,3,3,SR,SR,1
E09180,3,3,SR,SR,1
E09188,3,3,SR,SR,1
E09189,3,3,SR,SR,1
E09192,3,3,SR,SR,1
E09196,3,3,SR,SR,1
E09204,3,3,SR,SR,1
E09205,3,3,SR,SR,1
E09212,3,3,SR,SR,1
E09231,3,3,SR,SR,1
E09239,3,3,SR,SR,1
E09256,3,3,SR,SR,1
E09257,3,3,SR,SR,1
E09258,3,3,SR,SR,1
E09261,3,3,SR,SR,1
E09262,3,3,SR,SR,1
E09273,3,3,SR,SR,1
E09277,3,3,SR,SR,1
E09279,3,3,SR,SR,1
E09281,3,3,SR,SR,1
E09314,3,3,SR,SR,1
E09316,3,3,SR,SR,1
E09333,3,1,SR,GSVT,0
E09354,3,3,SR,SR,1
E09360,3,3,SR,SR,1
E09366,3,3,SR,SR,1
E09380,3,3,SR,SR,1
E09388,3,3,SR,SR,1
E09396,3,3,SR,SR,1
E09426,3,3,SR,SR,1
E09447,3,3,SR,SR,1
E09500,3,3,SR,SR,1
E09504,3,3,SR,SR,1
E09512,3,3,SR,SR,1
E09531,3,3,SR,SR,1
E09546,3,3,SR,SR,1
E09547,3,3,SR,SR,1
E09551,3,3,SR,SR,1
E09583,3,3,SR,SR,1
E09594,3,3,SR,SR,1
E09602,3,3,SR,SR,1
E09608,3,3,SR,SR,1
E09612,3,3,SR,SR,1
E09624,3,3,SR,SR,1
E09634,3,3,SR,SR,1
E09637,3,3,SR,SR,1
E09663,3,3,SR,SR,1
E09666,3,3,SR,SR,1
E09670,3,3,SR,SR,1
E09694,3,3,SR,SR,1
E09696,3,3,SR,SR,1
E09722,3,3,SR,SR,1
E09784,3,3,SR,SR,1
E09872,3,3,SR,SR,1
E09879,3,3,SR,SR,1
E09885,3,3,SR,SR,1
E09891,3,3,SR,SR,1
E09892,3,3,SR,SR,1
E09898,3,3,SR,SR,1
E09899,3,3,SR,SR,1
E09900,3,3,SR,SR,1
E09904,3,3,SR,SR,1
E09907,3,3,SR,SR,1
E09908,3,3,SR,SR,1
E09911,3,3,SR,SR,1
E09912,3,3,SR,SR,1
E09918,3,3,SR,SR,1
E09923,3,3,SR,SR,1
E09924,3,3,SR,SR,1
E09927,3,3,SR,SR,1
E09929,3,3,SR,SR,1
E09931,3,3,SR,SR,1
E09937,3,3,SR,SR,1
E09939,3,3,SR,SR,1
E09941,3,3,SR,SR,1
E09947,3,3,SR,SR,1
E09950,3,3,SR,SR,1
E09951,3,3,SR,SR,1
E09953,3,3,SR,SR,1
E09955,3,3,SR,SR,1
E09957,3,3,SR,SR,1
E09961,3,3,SR,SR,1
E09965,3,3,SR,SR,1
E09967,3,3,SR,SR,1
E09969,3,3,SR,SR,1
E09970,3,3,SR,SR,1
E09972,3,3,SR,SR,1
E09975,3,3,SR,SR,1
E09976,3,3,SR,SR,1
E09979,3,3,SR,SR,1
E09980,3,3,SR,SR,1
E09983,3,3,SR,SR,1
E09984,3,3,SR,SR,1
E09988,3,3,SR,SR,1
E09991,3,3,SR,SR,1
E09992,3,3,SR,SR,1
E09995,3,3,SR,SR,1
E10000,3,3,SR,SR,1
E10001,3,3,SR,SR,1
E10002,3,3,SR,SR,1
E10005,3,3,SR,SR,1
E10006,3,3,SR,SR,1
E10008,3,3,SR,SR,1
E10009,3,3,SR,SR,1
E10010,3,3,SR,SR,1
E10017,3,3,SR,SR,1
E10020,3,3,SR,SR,1
E10022,3,3,SR,SR,1
E10023,3,3,SR,SR,1
E10026,3,3,SR,SR,1
E10027,3,3,SR,SR,1
E10029,3,3,SR,SR,1
E10042,3,2,SR,SB,0
E10043,3,3,SR,SR,1
E10045,3,3,SR,SR,1
E10047,3,3,SR,SR,1
E10048,3,3,SR,SR,1
E10049,3,3,SR,SR,1
E10050,3,3,SR,SR,1
E10051,3,3,SR,SR,1
E10053,3,3,SR,SR,1
E10055,3,3,SR,SR,1
E10058,3,2,SR,SB,0
E10061,3,3,SR,SR,1
E10064,3,3,SR,SR,1
E10065,3,3,SR,SR,1
E10066,3,3,SR,SR,1
E10069,3,3,SR,SR,1
E10073,3,3,SR,SR,1
E10090,3,3,SR,SR,1
E10101,3,1,SR,GSVT,0
E10118,3,3,SR,SR,1
E10133,3,3,SR,SR,1
E10134,3,3,SR,SR,1
E10142,3,3,SR,SR,1
E10144,3,3,SR,SR,1
E10148,3,3,SR,SR,1
E10155,3,3,SR,SR,1
E10156,3,3,SR,SR,1
E10158,3,3,SR,SR,1
E10160,3,3,SR,SR,1
E10162,3,3,SR,SR,1
E10163,3,3,SR,SR,1
E10165,3,2,SR,SB,0
E10170,3,3,SR,SR,1
E10171,3,3,SR,SR,1
E10178,3,3,SR,SR,1
E10179,3,3,SR,SR,1
E10180,3,3,SR,SR,1
E10186,3,3,SR,SR,1
E10195,3,3,SR,SR,1
E10196,3,3,SR,SR,1
E10208,3,3,SR,SR,1
E10209,3,3,SR,SR,1
E10211,3,3,SR,SR,1
E10213,3,3,SR,SR,1
E10215,3,3,SR,SR,1
E10217,3,3,SR,SR,1
E10229,3,3,SR,SR,1
E10243,3,3,SR,SR,1
E10246,3,3,SR,SR,1
E10247,3,3,SR,SR,1
E10253,3,3,SR,SR,1
E10254,3,3,SR,SR,1
E10255,3,3,SR,SR,1
E10260,3,3,SR,SR,1
E10261,3,3,SR,SR,1
E10264,3,3,SR,SR,1
E10265,3,3,SR,SR,1
E10268,3,3,SR,SR,1
E10272,3,3,SR,SR,1
E10274,3,3,SR,SR,1
E10283,3,3,SR,SR,1
E10319,3,3,SR,SR,1
E10331,3,3,SR,SR,1
E10332,3,3,SR,SR,1
E10333,3,3,SR,SR,1
E10337,3,3,SR,SR,1
E10344,3,3,SR,SR,1
